codigo_municipio,populacao_total,qtd_escolas_elegiveis,enem_media_praca,qtd_escolas_com_enem,populacao_0_17,score_socioeconomico,percentil_socioeconomico,percentil_volume_escolas,percentil_qualidade_enem,score_priorizacao,nome_municipio_ibge,uf
3106200,2315560,111.0,628.2165803196,89.0,436188,0.6082469503744856,0.9654088050314465,0.9874213836477987,0.8952380952380953,0.951,Belo Horizonte,MG
3303302,481749,54.0,621.0235149209959,38.0,84984,0.9618300711710692,1.0,0.9449685534591195,0.8380952380952381,0.9349,Niterói,RJ
3205309,322869,18.0,655.8023194158469,17.0,64226,0.7705237921900676,0.9842767295597484,0.809748427672956,0.9936507936507937,0.9347,Vitória,ES
4205407,537211,34.0,620.5155680924981,26.0,99544,0.8646907090227307,0.9937106918238994,0.8977987421383647,0.834920634920635,0.9173,Florianópolis,SC
4314902,1332845,51.0,612.8446637297294,46.0,257661,0.7294645845772175,0.9779874213836478,0.9371069182389937,0.7333333333333333,0.8923,Porto Alegre,RS
3548807,165655,14.0,631.1463783213906,10.0,30754,0.9258013419515192,0.9968553459119497,0.7122641509433962,0.9238095238095239,0.8896,São Caetano do Sul,SP
5300108,2817381,134.0,605.4824464373809,103.0,656575,0.6028953232975294,0.9622641509433962,0.9905660377358491,0.6634920634920635,0.8811,Brasília,DF
3549904,697054,28.0,618.7603782999907,22.0,155370,0.4377076326401712,0.9150943396226415,0.8836477987421384,0.8253968253968254,0.8788,São José dos Campos,SP
5208707,1437366,85.0,607.1982646944921,66.0,313406,0.5169299880615563,0.9465408805031447,0.9779874213836478,0.6857142857142857,0.8777,Goiânia,GO
3525904,443221,36.0,608.9609210675569,28.0,90755,0.5460426204193487,0.9559748427672956,0.9072327044025157,0.707936507936508,0.8669,Jundiaí,SP
3543402,698642,47.0,607.66218880819,35.0,142287,0.4737293135467384,0.9245283018867925,0.9276729559748428,0.692063492063492,0.8557,Ribeirão Preto,SP
4106902,1773718,65.0,601.5867793250643,50.0,349701,0.6515001327089087,0.9748427672955975,0.9654088050314465,0.5714285714285714,0.851,Curitiba,PR
5002704,898100,35.0,618.8440349228953,28.0,221316,0.3607932522975913,0.8050314465408805,0.9025157232704403,0.8317460317460318,0.8423,Campo Grande,MS
3170206,713224,22.0,623.5424789410622,18.0,157889,0.36618173150596345,0.8144654088050315,0.8522012578616353,0.8634920634920635,0.8405,Uberlândia,MG
2611606,1488920,90.0,601.8292695760246,70.0,319633,0.47830117138214073,0.9308176100628931,0.9811320754716981,0.5777777777777777,0.84,Recife,PE
3136702,540756,20.0,617.6465107596905,15.0,104428,0.4056894178212451,0.8742138364779874,0.8380503144654088,0.7936507936507936,0.8392,Juiz de Fora,MG
2800308,602757,61.0,604.8153744418446,43.0,136430,0.4163817492243541,0.8930817610062893,0.9591194968553459,0.6349206349206349,0.8354,Aracaju,SE
3548906,254857,14.0,626.0447782433656,13.0,52466,0.412734291938813,0.889937106918239,0.7122641509433962,0.8825396825396825,0.8344,São Carlos,SP
3144805,111697,9.0,630.4061130776074,7.0,24766,0.8051109595871214,0.9874213836477987,0.5251572327044025,0.9142857142857143,0.8268,Nova Lima,MG
3549805,480393,39.0,604.2096973807481,29.0,96786,0.43567305830579756,0.9119496855345912,0.9182389937106918,0.6190476190476191,0.826,São José do Rio Preto,SP
2408102,751300,53.0,605.2724337284903,44.0,165082,0.4008916776401226,0.8679245283018868,0.940251572327044,0.653968253968254,0.8254,Natal,RN
3304557,6211223,465.0,594.6139137879065,319.0,1251008,0.5206560392715472,0.949685534591195,0.9968553459119497,0.47619047619047616,0.8218,Rio de Janeiro,RJ
4316907,271735,10.0,631.2416063050434,9.0,54873,0.47826778978886486,0.9276729559748428,0.5738993710691824,0.926984126984127,0.8213,Santa Maria,RS
3509502,1139047,50.0,598.0941365864153,40.0,230413,0.5557403216428769,0.9591194968553459,0.9339622641509434,0.5206349206349207,0.82,Campinas,SP
4113700,555965,24.0,604.7598739421366,19.0,117917,0.4383414977449144,0.9182389937106918,0.8647798742138365,0.6317460317460317,0.8163,Londrina,PR
3541406,225668,15.0,622.6811524180094,11.0,46169,0.3717660581005706,0.8301886792452831,0.7468553459119497,0.8603174603174604,0.8142,Presidente Prudente,SP
3554102,310739,18.0,625.9216828312841,15.0,67658,0.3427115663512651,0.7610062893081762,0.809748427672956,0.8793650793650793,0.8111,Taubaté,SP
3538709,423323,23.0,610.0836520882275,17.0,89355,0.38534175273883337,0.8490566037735849,0.8584905660377359,0.7111111111111111,0.8105,Piracicaba,SP
3548708,810729,37.0,601.5595692952,32.0,169455,0.4325332079763368,0.9088050314465409,0.9135220125786163,0.5682539682539682,0.8081,São Bernardo do Campo,SP
3520509,255748,13.0,614.4474108385975,11.0,55459,0.48879480815934573,0.9339622641509434,0.6776729559748428,0.7523809523809524,0.8026,Indaiatuba,SP
3503208,242228,17.0,617.0609344528777,13.0,49459,0.3710352039588999,0.8270440251572327,0.789308176100629,0.7777777777777778,0.8009,Araraquara,SP
3303906,278881,30.0,616.566984139533,18.0,55841,0.3421749781221927,0.7578616352201258,0.8883647798742138,0.7682539682539683,0.8001,Petrópolis,RJ
3305802,165123,18.0,618.2227110876556,9.0,35604,0.3493145511256174,0.779874213836478,0.809748427672956,0.8158730158730159,0.7996,Teresópolis,RJ
3170107,337836,14.0,643.7199836719896,12.0,73942,0.3333320290778638,0.7295597484276729,0.7122641509433962,0.9714285714285714,0.7969,Uberaba,MG
3556206,126373,7.0,635.9277521581464,5.0,24998,0.6514234812034514,0.9716981132075472,0.39937106918238996,0.9492063492063492,0.7933,Valinhos,SP
2211001,866300,56.0,622.1073283548725,47.0,206747,0.29775391768214543,0.6289308176100629,0.9512578616352201,0.8476190476190476,0.7912,Teresina,PI
4115200,409657,24.0,596.8525717212397,18.0,81151,0.5038877376388149,0.9433962264150944,0.8647798742138365,0.5111111111111111,0.7901,Maringá,PR
3548500,418608,37.0,589.4822453582407,28.0,74193,0.7313350933119964,0.9811320754716981,0.9135220125786163,0.39365079365079364,0.7846,Santos,SP
3303401,189939,18.0,629.0076206750655,12.0,37184,0.31544201121619075,0.6729559748427673,0.809748427672956,0.9047619047619048,0.7835,Nova Friburgo,RJ
3550308,11451999,603.0,584.4902525047773,447.0,2377363,0.538323112625207,0.9528301886792453,1.0,0.3333333333333333,0.7811,São Paulo,SP
3151800,163742,11.0,635.4420794178137,7.0,32403,0.34624091647430966,0.7735849056603774,0.6194968553459119,0.946031746031746,0.7791,Poços de Caldas,MG
2507507,833932,63.0,599.4190327936304,50.0,194972,0.36586391551467445,0.8113207547169812,0.9622641509433962,0.5333333333333333,0.7732,João Pessoa,PB
3506003,379146,22.0,601.6055869994966,19.0,79783,0.39183905868906393,0.8616352201257862,0.8522012578616353,0.5746031746031746,0.7727,Bauru,SP
3131307,227731,13.0,655.6312159256397,8.0,49261,0.31591637836304964,0.6761006289308176,0.6776729559748428,0.9873015873015873,0.7699,Ipatinga,MG
4305108,463501,12.0,612.8007524248869,9.0,96186,0.4077395156474396,0.8836477987421384,0.64937106918239,0.7301587301587301,0.7673,Caxias do Sul,RS
3547809,748919,41.0,588.4506670986257,33.0,147558,0.49041518749904334,0.9371069182389937,0.9213836477987422,0.38412698412698415,0.7665,Santo André,SP
3306305,261563,14.0,628.6931517553116,11.0,52939,0.31942206475031404,0.7044025157232704,0.7122641509433962,0.9015873015873016,0.7659,Volta Redonda,RJ
5103403,650877,34.0,592.4148783802913,26.0,161624,0.4309799702676718,0.9025157232704403,0.8977987421383647,0.42857142857142855,0.7589,Cuiabá,MT
3552205,723682,30.0,596.1527087717398,24.0,159309,0.3877516342375087,0.8553459119496856,0.8883647798742138,0.49206349206349204,0.7563,Sorocaba,SP
2304400,2428708,135.0,601.236282031106,106.0,545863,0.3291627197242535,0.7232704402515723,0.9937106918238994,0.5619047619047619,0.756,Fortaleza,CE
4208203,264054,12.0,613.5954746735085,5.0,63282,0.3750397017437037,0.839622641509434,0.64937106918239,0.7396825396825397,0.7526,Itajaí,SC
4314407,325685,10.0,622.3232164729665,9.0,67146,0.36190712689585935,0.8081761006289309,0.5738993710691824,0.8539682539682539,0.7516,Pelotas,RS
3205200,467722,22.0,593.0510063238495,19.0,98515,0.4324187647061557,0.9056603773584906,0.8522012578616353,0.4444444444444444,0.7513,Vila Velha,ES
1721000,302692,15.0,605.163041263567,13.0,82473,0.3733259037760054,0.8364779874213837,0.7468553459119497,0.6412698412698413,0.751,Palmas,TO
2927408,2417678,101.0,592.0047427435479,80.0,493892,0.36883433521202,0.8176100628930818,0.9842767295597484,0.4222222222222222,0.749,Salvador,BA
3122306,231091,10.0,647.5005825956251,9.0,46419,0.31886555635242375,0.6981132075471698,0.5738993710691824,0.9841269841269841,0.7467,Divinópolis,MG
3504107,158647,14.0,602.8867748162213,12.0,35029,0.40877141704542014,0.8867924528301887,0.7122641509433962,0.5936507936507937,0.7465,Atibaia,SP
3547304,154105,10.0,603.4924859243516,6.0,39427,0.6300711343496486,0.9685534591194969,0.5738993710691824,0.6095238095238096,0.7424,Santana de Parnaíba,SP
3167202,227397,14.0,641.9596809078269,12.0,47516,0.2789110960715038,0.5754716981132075,0.7122641509433962,0.9682539682539683,0.7343,Sete Lagoas,MG
4216602,270299,14.0,598.6018458242568,10.0,55435,0.4248903976206465,0.8962264150943396,0.7122641509433962,0.5301587301587302,0.7312,São José,SC
3505708,316473,6.0,633.5925184082396,4.0,77792,0.4074028221554029,0.8773584905660378,0.32861635220125784,0.9333333333333333,0.7295,Barueri,SP
3148004,159235,8.0,641.3776877841344,5.0,32721,0.33691594354906457,0.7484276729559748,0.46855345911949686,0.9650793650793651,0.7295,Patos de Minas,MG
3302403,246391,16.0,605.8389032010017,10.0,61943,0.33539264119317896,0.7421383647798742,0.7720125786163522,0.6698412698412698,0.7294,Macaé,RJ
3152501,152217,10.0,631.1266649203059,9.0,32674,0.3193934075254494,0.7012578616352201,0.5738993710691824,0.9206349206349206,0.7289,Pouso Alegre,MG
3516200,352536,17.0,625.322741816587,13.0,78064,0.276746445304925,0.5691823899371069,0.789308176100629,0.873015873015873,0.7264,Franca,SP
3513009,274413,20.0,593.144229104327,14.0,69131,0.3768313610978787,0.8427672955974843,0.8380503144654088,0.44761904761904764,0.7228,Cotia,SP
4202404,361261,10.0,603.3740172769977,7.0,73518,0.45813004795220347,0.9213836477987422,0.5738993710691824,0.6063492063492063,0.7226,Blumenau,SC
4209102,616317,17.0,595.459311608987,10.0,138748,0.37745615159917684,0.8459119496855346,0.789308176100629,0.4888888888888889,0.7218,Joinville,SC
3501608,237240,9.0,608.0578533991294,8.0,46982,0.40763326143394085,0.8805031446540881,0.5251572327044025,0.6984126984126984,0.7193,Americana,SP
2403251,252716,17.0,602.5005673337772,13.0,58375,0.34288869402081357,0.7672955974842768,0.789308176100629,0.5841269841269842,0.7189,Parnamirim,RN
5201108,398869,15.0,623.8916196859135,9.0,96733,0.27902803550709027,0.5786163522012578,0.7468553459119497,0.8698412698412699,0.7165,Anápolis,GO
3530607,451505,31.0,599.4976758920869,24.0,107162,0.3243103893744055,0.7138364779874213,0.8930817610062893,0.5365079365079365,0.7144,Mogi das Cruzes,SP
2919207,203331,11.0,606.8950379626292,9.0,47931,0.3602035095557584,0.8018867924528302,0.6194968553459119,0.6793650793650794,0.7104,Lauro de Freitas,BA
5003702,243367,7.0,656.4429585046039,5.0,62927,0.32209490513058947,0.710691823899371,0.39937106918238996,1.0,0.7041,Dourados,MS
3526902,291869,20.0,600.2762456974507,15.0,60159,0.3256886036861682,0.7169811320754716,0.8380503144654088,0.546031746031746,0.702,Limeira,SP
3304201,129612,9.0,618.0624482191611,8.0,28384,0.3376623180379266,0.7515723270440252,0.5251572327044025,0.8063492063492064,0.7001,Resende,RJ
5218805,225696,13.0,622.6640085508789,8.0,57088,0.2841638267620219,0.5974842767295597,0.6776729559748428,0.8571428571428571,0.6994,Rio Verde,GO
3502804,200124,13.0,602.7136527210447,12.0,40512,0.35812853597825745,0.7955974842767296,0.6776729559748428,0.5904761904761905,0.6987,Araçatuba,SP
4104808,348051,13.0,602.9051404765444,10.0,81775,0.35448331219294527,0.7861635220125787,0.6776729559748428,0.5968253968253968,0.6968,Cascavel,PR
3143302,414240,15.0,625.4347453890304,12.0,97905,0.2653813546400318,0.5220125786163522,0.7468553459119497,0.8761904761904762,0.6957,Montes Claros,MG
1501402,1303403,73.0,587.8408212233963,56.0,289801,0.3349808396347901,0.7358490566037735,0.9685534591194969,0.3682539682539683,0.6954,Belém,PA
3507506,145155,11.0,608.0070775075551,9.0,31385,0.33644314786334883,0.7452830188679245,0.6194968553459119,0.6952380952380952,0.6925,Botucatu,SP
4204202,254785,7.0,618.1325426149442,7.0,60191,0.37021967651927423,0.8238993710691824,0.39937106918238996,0.8095238095238095,0.6922,Chapecó,SC
4302105,123151,3.0,645.1684420677362,2.0,24490,0.4273528549739644,0.89937106918239,0.1179245283018868,0.9746031746031746,0.6875,Bento Gonçalves,RS
3138203,104761,6.0,628.6394576470587,5.0,21447,0.3571909552159769,0.7924528301886793,0.32861635220125784,0.8984126984126984,0.6851,Lavras,MG
3523909,168240,10.0,622.2805431916811,9.0,38350,0.3017756831976106,0.6415094339622641,0.5738993710691824,0.8507936507936508,0.684,Itu,SP
3523404,121590,11.0,596.4460447106954,8.0,25694,0.39156131289130086,0.8584905660377359,0.6194968553459119,0.5047619047619047,0.6807,Itatiba,SP
3304524,156491,19.0,598.2339511980086,15.0,37987,0.31756364255578506,0.6823899371069182,0.8238993710691824,0.526984126984127,0.6782,Rio das Ostras,RJ
3534401,728615,36.0,582.9964742749688,27.0,164759,0.3473301794385212,0.7767295597484277,0.9072327044025157,0.3142857142857143,0.6771,Osasco,SP
4202008,139155,8.0,593.5883088285414,6.0,24788,0.8359104958703304,0.9905660377358491,0.46855345911949686,0.4634920634920635,0.6758,Balneário Camboriú,SC
3525300,133497,9.0,639.6599975861641,9.0,27600,0.2752181751359509,0.5628930817610063,0.5251572327044025,0.9619047619047619,0.6713,Jaú,SP
3507605,176811,11.0,607.6344549457328,11.0,37106,0.31874760657056916,0.6949685534591195,0.6194968553459119,0.6888888888888889,0.6705,Bragança Paulista,SP
4304606,347657,12.0,593.5693632719191,8.0,76555,0.369648883408005,0.8207547169811321,0.64937106918239,0.4603174603174603,0.6612,Canoas,RS
3170701,136467,8.0,621.648341195754,6.0,29604,0.31446114686331145,0.6698113207547169,0.46855345911949686,0.8412698412698413,0.6609,Varginha,MG
2504009,419379,24.0,608.1997439388582,18.0,100924,0.25472916179101157,0.4748427672955975,0.8647798742138365,0.7015873015873015,0.6598,Campina Grande,PB
2111300,1037775,56.0,590.0300019741795,44.0,246007,0.2983065338254048,0.6320754716981132,0.9512578616352201,0.4,0.6582,São Luís,MA
3534708,103970,8.0,621.9619627642751,7.0,22838,0.3041190349700639,0.6477987421383647,0.46855345911949686,0.8444444444444444,0.653,Ourinhos,SP
4314100,206215,3.0,626.9726911564626,2.0,45617,0.4010665775133676,0.8710691823899371,0.1179245283018868,0.8888888888888888,0.6505,Passo Fundo,RS
2910800,616272,25.0,617.7134400378803,19.0,150536,0.22528306881196947,0.36163522012578614,0.8726415094339622,0.7968253968253968,0.6455,Feira de Santana,BA
5211909,105729,7.0,637.864475308642,3.0,25972,0.27971279178986014,0.5817610062893082,0.39937106918238996,0.9587301587301588,0.6401,Jataí,GO
5205109,114427,10.0,604.0414779212582,7.0,26491,0.31845745992660224,0.6918238993710691,0.5738993710691824,0.6158730158730159,0.6337,Catalão,GO
3511102,115791,9.0,611.2431430793359,8.0,23337,0.3001626480752819,0.6383647798742138,0.5251572327044025,0.7238095238095238,0.63,Catanduva,SP
5107602,244911,11.0,606.0751454578883,7.0,64865,0.2865441799367586,0.60062893081761,0.6194968553459119,0.6730158730158731,0.628,Rondonópolis,MT
4119905,358371,14.0,596.6610539157755,10.0,88908,0.3077174440260156,0.6540880503144654,0.7122641509433962,0.5079365079365079,0.6277,Ponta Grossa,PR
5211503,107970,8.0,617.6116609477124,4.0,25041,0.29526518627942094,0.6226415094339622,0.46855345911949686,0.7904761904761904,0.6268,Itumbiara,GO
3301009,483540,26.0,602.3178588247515,15.0,114930,0.25449227560418086,0.4716981132075472,0.8789308176100629,0.580952380952381,0.6266,Campos dos Goytacazes,RJ
3529005,237627,11.0,592.8250798844166,9.0,50865,0.3439997859296293,0.7704402515723271,0.6194968553459119,0.43492063492063493,0.6245,Marília,SP
4208906,182660,7.0,604.7386852602682,6.0,41565,0.3547293160482133,0.789308176100629,0.39937106918238996,0.6285714285714286,0.6241,Jaraguá do Sul,SC
4218707,110088,6.0,608.8453180893562,5.0,22541,0.3524650067138779,0.7830188679245284,0.32861635220125784,0.7047619047619048,0.6232,Tubarão,SC
5107909,196312,8.0,605.4005405542842,5.0,53032,0.3194469800151827,0.7075471698113207,0.46855345911949686,0.6603174603174603,0.6217,Sinop,MT
4109401,182093,15.0,603.6736381207941,10.0,46146,0.2672457346174942,0.5283018867924528,0.7468553459119497,0.6126984126984127,0.6192,Guarapuava,PR
3503307,130866,7.0,613.7406252168086,5.0,27317,0.31805225259732317,0.6855345911949685,0.39937106918238996,0.7492063492063492,0.6188,Araras,SP
3530706,153658,11.0,616.4616836662631,9.0,32845,0.26096415321078575,0.5062893081761006,0.6194968553459119,0.765079365079365,0.6179,Mogi Guaçu,SP
3518404,118044,8.0,600.1353617206548,6.0,24841,0.3427275258796756,0.7641509433962265,0.46855345911949686,0.5428571428571428,0.6091,Guaratinguetá,SP
4209300,164981,6.0,611.1424500336207,5.0,38055,0.3336498349856003,0.7327044025157232,0.32861635220125784,0.7206349206349206,0.6079,Lages,SC
3118601,621863,16.0,599.5794212511643,15.0,133532,0.26855325676949604,0.5345911949685535,0.7720125786163522,0.5396825396825397,0.6073,Contagem,MG
3104007,111691,5.0,634.3231692512531,4.0,25430,0.28946394192245267,0.6132075471698113,0.25157232704402516,0.9428571428571428,0.6036,Araxá,MG
4127700,150470,5.0,616.6430400989225,2.0,34356,0.33506610267025605,0.7389937106918238,0.25157232704402516,0.7746031746031746,0.6035,Toledo,PR
4211900,222598,9.0,603.3566085074381,8.0,52746,0.3114827637427185,0.6572327044025157,0.5251572327044025,0.6,0.6004,Palhoça,SC
2704302,957916,77.0,565.9500437103293,60.0,234605,0.30726527261510683,0.6509433962264151,0.9716981132075472,0.1523809523809524,0.5976,Maceió,AL
4307005,105705,2.0,617.1775391895889,2.0,21661,0.38716577179099815,0.8522012578616353,0.0660377358490566,0.780952380952381,0.595,Erechim,RS
3518800,1291771,78.0,574.9986911423837,58.0,309323,0.2809177441432863,0.5880503144654088,0.9748427672955975,0.20952380952380953,0.5905,Guarulhos,SP
4108304,285415,15.0,585.1650141613004,11.0,69837,0.31247595600208733,0.660377358490566,0.7468553459119497,0.3396825396825397,0.5901,Foz do Iguaçu,PR
3300704,222161,20.0,588.3589160871951,11.0,51937,0.27342591799780624,0.559748427672956,0.8380503144654088,0.37777777777777777,0.5886,Cabo Frio,RJ
2408003,264577,17.0,598.2113735017218,14.0,61785,0.2575183385542818,0.4811320754716981,0.789308176100629,0.5238095238095238,0.5864,Mossoró,RN
3505500,122485,8.0,605.2003772950039,7.0,25793,0.29655810091683543,0.6257861635220126,0.46855345911949686,0.6444444444444445,0.5842,Barretos,SP
3504008,101409,8.0,596.9511766695925,7.0,21146,0.3263646468486767,0.720125786163522,0.46855345911949686,0.5142857142857142,0.5829,Assis,SP
3105608,125317,4.0,633.7346749300059,4.0,24712,0.289808071933013,0.6163522012578616,0.17767295597484276,0.9365079365079365,0.5808,Barbacena,MG
3543907,201418,9.0,590.7204976304956,7.0,41935,0.3380064284749481,0.7547169811320755,0.5251572327044025,0.4031746031746032,0.5804,Rio Claro,SP
3545209,134319,6.0,613.724547924298,4.0,30406,0.30234212785887127,0.6446540880503144,0.32861635220125784,0.746031746031746,0.5803,Salto,SP
5107958,106434,5.0,634.2631349206349,4.0,27901,0.2694768531748281,0.5408805031446541,0.25157232704402516,0.9396825396825397,0.5737,Tangará da Serra,MT
3205002,520653,12.0,606.8699171949687,8.0,131650,0.24388740887820037,0.4371069182389937,0.64937106918239,0.6761904761904762,0.5725,Serra,ES
1100205,460434,10.0,605.5562345243611,9.0,125247,0.26036810479727246,0.5,0.5738993710691824,0.6666666666666666,0.5722,Porto Velho,RO
4318705,217409,8.0,600.8282143944932,4.0,49591,0.31267690099990997,0.6635220125786163,0.46855345911949686,0.5523809523809524,0.5717,São Leopoldo,RS
3118304,131621,5.0,655.723790229885,4.0,27985,0.25977407523715096,0.4968553459119497,0.25157232704402516,0.9904761904761905,0.5714,Conselheiro Lafaiete,MG
1200401,364756,13.0,603.3659192437091,9.0,103032,0.2541472242051867,0.46540880503144655,0.6776729559748428,0.6031746031746031,0.5704,Rio Branco,AC
3524402,240275,15.0,582.8064311431536,12.0,54011,0.29987397041635944,0.6352201257861635,0.7468553459119497,0.3047619047619048,0.5696,Jacareí,SP
3131703,113343,5.0,629.6856649558941,5.0,24716,0.27025639777749566,0.550314465408805,0.25157232704402516,0.9111111111111111,0.5689,Itabira,MG
3536505,110537,6.0,582.9517780772687,5.0,25646,0.49292963888524477,0.940251572327044,0.32861635220125784,0.3111111111111111,0.568,Paulínia,SP
3147907,111939,4.0,646.6303057896939,4.0,24427,0.2699312541475759,0.5440251572327044,0.17767295597484276,0.9809523809523809,0.5652,Passos,MG
3169901,103365,5.0,655.8058260667987,5.0,22576,0.24616274793969412,0.449685534591195,0.25157232704402516,0.9968253968253968,0.5544,Ubá,MG
4204608,214493,6.0,592.8497940831813,4.0,46870,0.35944788001803374,0.7987421383647799,0.32861635220125784,0.44126984126984126,0.5505,Criciúma,SC
3103504,117808,6.0,615.4762964255975,6.0,25457,0.2728064196541089,0.5566037735849056,0.32861635220125784,0.7555555555555555,0.5479,Araguari,MG
5107925,110635,6.0,601.519060970785,4.0,32225,0.3174303089391941,0.6792452830188679,0.32861635220125784,0.5650793650793651,0.5398,Sorriso,MT
4316808,133230,4.0,593.1462771672772,3.0,26434,0.39223995835840053,0.8647798742138365,0.17767295597484276,0.4507936507936508,0.5345,Santa Cruz do Sul,RS
3538006,165428,10.0,600.9469306681476,8.0,38545,0.2569267858943579,0.4779874213836478,0.5738993710691824,0.5555555555555556,0.53,Pindamonhangaba,SP
3127701,257171,4.0,618.8310554877221,3.0,56119,0.276188540010339,0.5660377358490566,0.17767295597484276,0.8285714285714286,0.5283,Governador Valadares,MG
1302603,2063689,57.0,581.407663897033,40.0,585839,0.23657223247128178,0.39622641509433965,0.9559748427672956,0.2761904761904762,0.5281,Manaus,AM
3168606,137418,5.0,632.1651893939394,4.0,31484,0.2423594270447592,0.4276729559748428,0.25157232704402516,0.9301587301587302,0.5256,Teófilo Otoni,MG
4128104,117095,9.0,584.8295218098646,8.0,26597,0.31440319601115907,0.6666666666666666,0.5251572327044025,0.33650793650793653,0.5252,Umuarama,PR
3506508,118979,5.0,617.7638072100314,4.0,25150,0.26441049501911335,0.5157232704402516,0.25157232704402516,0.8031746031746032,0.5227,Birigui,SP
5008305,132152,7.0,610.6469380131364,5.0,34088,0.2544577073090369,0.46855345911949686,0.39937106918238996,0.7174603174603175,0.5225,Três Lagoas,MS
1504208,266533,13.0,616.5826702773819,9.0,81839,0.19595217088120404,0.2169811320754717,0.6776729559748428,0.7714285714285715,0.5215,Marabá,PA
2914802,186708,8.0,610.2080053496876,6.0,41498,0.23840258400114978,0.4119496855345912,0.46855345911949686,0.7142857142857143,0.5196,Itabuna,BA
4202909,141385,4.0,604.3945148315737,3.0,32056,0.3182763041696779,0.6886792452830188,0.17767295597484276,0.6253968253968254,0.5164,Brusque,SC
3134202,102217,5.0,606.9393833496254,4.0,22141,0.28041427891114373,0.5849056603773585,0.25157232704402516,0.6825396825396826,0.5142,Ituiutaba,MG
2933307,370879,15.0,592.7432852613395,13.0,91170,0.23679507279100007,0.39937106918238996,0.7468553459119497,0.43174603174603177,0.5133,Vitória da Conquista,BA
4119152,127019,7.0,585.6120171134069,4.0,28938,0.3317127945053828,0.7264150943396226,0.39937106918238996,0.34285714285714286,0.5132,Pinhais,PR
3513801,393237,20.0,586.0997305240618,14.0,87574,0.23356113377149434,0.389937106918239,0.8380503144654088,0.3492063492063492,0.5122,Diadema,SP
3302700,197277,11.0,579.8302618518518,10.0,42807,0.29439119254267165,0.6194968553459119,0.6194968553459119,0.26031746031746034,0.5117,Maricá,RJ
3143906,104108,2.0,636.8517989668985,2.0,22072,0.26435866818761256,0.5125786163522013,0.0660377358490566,0.9523809523809523,0.5106,Muriaé,MG
2903201,159734,6.0,627.2660134562597,6.0,43478,0.2240893741592252,0.3584905660377358,0.32861635220125784,0.8920634920634921,0.5096,Barreiras,BA
3202405,124656,3.0,617.3081481481481,1.0,28831,0.28413279903245975,0.5943396226415094,0.1179245283018868,0.7873015873015873,0.5093,Guarapari,ES
2105302,273110,15.0,594.7883662166212,9.0,73144,0.22325921067436194,0.3522012578616352,0.7468553459119497,0.4793650793650794,0.5087,Imperatriz,MA
3522307,157790,12.0,587.4976776100128,10.0,36754,0.26405680291371947,0.5094339622641509,0.64937106918239,0.3619047619047619,0.5072,Itapetininga,SP
1600303,442933,18.0,588.3285273939715,15.0,135885,0.23185621428881442,0.37735849056603776,0.809748427672956,0.3746031746031746,0.5062,Macapá,AP
4125506,329628,11.0,583.6696342504245,10.0,81794,0.2700837063676498,0.5471698113207547,0.6194968553459119,0.32063492063492066,0.5009,São José dos Pinhais,PR
3552809,273542,13.0,576.6488560539407,12.0,63209,0.27717414511540506,0.5723270440251572,0.6776729559748428,0.22857142857142856,0.5008,Taboão da Serra,SP
3541000,349935,17.0,552.6297523919433,16.0,81590,0.2868392483501714,0.6037735849056604,0.789308176100629,0.06666666666666667,0.4983,Praia Grande,SP
3304904,896744,54.0,588.2316403670674,28.0,180641,0.20723735012192818,0.2578616352201258,0.9449685534591195,0.37142857142857144,0.4981,São Gonçalo,RJ
2604106,378048,19.0,591.7486141681936,15.0,95556,0.21521642511336656,0.3081761006289308,0.8238993710691824,0.41904761904761906,0.4962,Caruaru,PE
2905701,300372,17.0,593.3556323018242,9.0,77870,0.21252286979242435,0.29874213836477986,0.789308176100629,0.45396825396825397,0.4925,Camaçari,BA
4313409,227646,5.0,580.369466039466,3.0,47523,0.3717901009927689,0.8333333333333334,0.25157232704402516,0.2698412698412698,0.4898,Novo Hamburgo,RS
2207702,162159,14.0,601.0731339010746,11.0,40262,0.2090730678151465,0.27044025157232704,0.7122641509433962,0.5587301587301587,0.4895,Parnaíba,PI
2931350,145216,8.0,617.2896251463751,4.0,38258,0.20999830452846227,0.279874213836478,0.46855345911949686,0.7841269841269841,0.4878,Teixeira de Freitas,BA
2611101,386791,13.0,593.7657087981263,10.0,110307,0.22356491021573394,0.3553459119496855,0.6776729559748428,0.46984126984126984,0.4864,Petrolina,PE
3300209,129671,11.0,595.3829162473352,10.0,29144,0.2331883057249066,0.3836477987421384,0.6194968553459119,0.48253968253968255,0.4841,Araruama,RJ
2609600,349976,15.0,579.260313203995,12.0,77841,0.2528617879327138,0.4591194968553459,0.7468553459119497,0.25396825396825395,0.4839,Olinda,PE
2925303,168326,7.0,618.3235875790876,5.0,48481,0.2103229699972785,0.2830188679245283,0.39937106918238996,0.819047619047619,0.4787,Porto Seguro,BA
3300100,167434,16.0,582.0667368569088,13.0,40838,0.23746220539658253,0.4025157232704403,0.7720125786163522,0.28253968253968254,0.4774,Angra dos Reis,RJ
2307304,286120,10.0,611.3223542804893,7.0,74039,0.1945742873927645,0.21069182389937108,0.5738993710691824,0.726984126984127,0.4745,Juazeiro do Norte,CE
4301602,117938,1.0,613.6168,1.0,26530,0.28737144156440897,0.6069182389937107,0.0220125786163522,0.7428571428571429,0.4722,Bagé,RS
3552403,279545,8.0,600.3262158674659,4.0,66027,0.2383333060065004,0.4088050314465409,0.46855345911949686,0.5492063492063493,0.4688,Sumaré,SP
3552502,307429,13.0,592.0645989498163,11.0,75888,0.21993083708165223,0.3333333333333333,0.6776729559748428,0.4253968253968254,0.4643,Suzano,SP
2700300,234696,20.0,590.8903294795643,15.0,63413,0.19819662591484774,0.22012578616352202,0.8380503144654088,0.40634920634920635,0.4614,Arapiraca,AL
3302205,101041,5.0,604.88562010062,3.0,20707,0.25806562521160636,0.48427672955974843,0.25157232704402516,0.638095238095238,0.4606,Itaperuna,RJ
1500800,478778,25.0,576.0999472360086,22.0,116590,0.21879878236475378,0.3270440251572327,0.8726415094339622,0.21587301587301588,0.4574,Ananindeua,PA
3519071,236641,10.0,588.9643912007242,6.0,55700,0.23870179533213642,0.41823899371069184,0.5738993710691824,0.3873015873015873,0.4557,Hortolândia,SP
2607901,644037,26.0,568.901743725251,21.0,154562,0.22179366076611415,0.33962264150943394,0.8789308176100629,0.1746031746031746,0.4519,Jaboatão dos Guararapes,PE
3510500,134873,9.0,584.0617402979902,6.0,32656,0.2582327853509342,0.48742138364779874,0.5251572327044025,0.3238095238095238,0.4497,Caraguatatuba,SP
3106705,411846,5.0,618.4024311372323,4.0,99817,0.21674985582682735,0.3113207547169811,0.25157232704402516,0.8222222222222222,0.4467,Betim,MG
2919553,107909,5.0,605.3850475473777,4.0,32888,0.24256664695629845,0.4339622641509434,0.25157232704402516,0.6571428571428571,0.4462,Luís Eduardo Magalhães,BA
3201506,120033,4.0,605.2636380952381,3.0,25500,0.25850556552962295,0.49056603773584906,0.17767295597484276,0.6507936507936508,0.4448,Colatina,ES
2510808,103165,8.0,604.2099667930221,6.0,25651,0.2079553766421487,0.2641509433962264,0.46855345911949686,0.6222222222222222,0.4329,Patos,PB
4315602,191900,7.0,579.1832507181492,6.0,42351,0.28195891461402733,0.5911949685534591,0.39937106918238996,0.2507936507936508,0.4315,Rio Grande,RS
2802908,103440,6.0,629.0436606196754,5.0,25920,0.18740001967107742,0.1509433962264151,0.32861635220125784,0.9079365079365079,0.4313,Itabaiana,SE
3554003,123942,9.0,589.8952794031185,7.0,28921,0.23303920566873282,0.3805031446540881,0.5251572327044025,0.3968253968253968,0.4288,Tatuí,SP
3545803,183347,5.0,593.7144164540816,4.0,37487,0.26763635929994933,0.5314465408805031,0.25157232704402516,0.4666666666666667,0.4281,Santa Bárbara d'Oeste,SP
3201209,185786,7.0,592.8382978673184,5.0,41110,0.24390250267814992,0.44025157232704404,0.39937106918238996,0.4380952380952381,0.4273,Cachoeiro de Itapemirim,ES
3305208,104029,7.0,591.7138934355875,6.0,24554,0.24791678444710363,0.4528301886792453,0.39937106918238996,0.4158730158730159,0.4257,São Pedro da Aldeia,RJ
1502400,192256,12.0,596.25202043681,11.0,51699,0.1933229137811006,0.20125786163522014,0.64937106918239,0.49523809523809526,0.4239,Castanhal,PA
5201405,527796,18.0,573.0136080186592,16.0,133230,0.21207827354350428,0.29559748427672955,0.809748427672956,0.19682539682539682,0.4202,Aparecida de Goiânia,GO
3551702,126887,6.0,586.6955455840456,6.0,29123,0.26918428283283846,0.5377358490566038,0.32861635220125784,0.3523809523809524,0.4194,Sertãozinho,SP
3543303,115559,7.0,584.1102268742465,7.0,23915,0.260922249318821,0.5031446540880503,0.39937106918238996,0.326984126984127,0.4192,Ribeirão Pires,SP
4309209,265074,6.0,593.520877325573,5.0,59394,0.2505236285647215,0.4559748427672956,0.32861635220125784,0.45714285714285713,0.4181,Gravataí,RS
1505536,267836,9.0,595.4573650245142,4.0,84963,0.20838821961808235,0.2672955974842767,0.5251572327044025,0.4857142857142857,0.4102,Parauapebas,PA
4101507,119138,7.0,579.3276464011691,5.0,27224,0.26590107485158043,0.5251572327044025,0.39937106918238996,0.2571428571428571,0.407,Arapongas,PR
3551009,329911,15.0,561.106726407927,10.0,73798,0.22972517585608893,0.36792452830188677,0.7468553459119497,0.11746031746031746,0.4065,São Vicente,SP
3529401,418261,15.0,569.3843285206797,10.0,94435,0.2168739227603191,0.31446540880503143,0.7468553459119497,0.18095238095238095,0.4041,Mauá,SP
2918001,158813,5.0,623.8790878684807,4.0,39567,0.1893258633777064,0.16981132075471697,0.25157232704402516,0.8666666666666667,0.4034,Jequié,BA
5221403,142431,4.0,618.1473467230444,2.0,37312,0.20707419901010374,0.25471698113207547,0.17767295597484276,0.8126984126984127,0.399,Trindade,GO
3303500,785867,48.0,557.3981991473167,31.0,185097,0.2008498075185558,0.22955974842767296,0.9308176100628931,0.08571428571428572,0.3968,Nova Iguaçu,RJ
2910727,113710,3.0,617.7465906432749,3.0,30851,0.2118756204533669,0.29245283018867924,0.1179245283018868,0.8,0.3924,Eunápolis,BA
4303103,136258,4.0,582.8635897435897,1.0,30890,0.28758710324990566,0.610062893081761,0.17767295597484276,0.30793650793650795,0.3897,Cachoeirinha,RS
3204906,123752,4.0,605.2150106737852,4.0,30766,0.222395470891589,0.34591194968553457,0.17767295597484276,0.6476190476190476,0.386,São Mateus,ES
3171204,129246,2.0,637.582803030303,2.0,32410,0.1930038332916952,0.1949685534591195,0.0660377358490566,0.9555555555555556,0.3845,Vespasiano,MG
3518701,287634,10.0,578.2295772337804,8.0,68790,0.22314269797784372,0.3490566037735849,0.5738993710691824,0.23809523809523808,0.3832,Guarujá,SP
4118204,145829,10.0,564.9052968975469,8.0,38006,0.23856060429275505,0.41509433962264153,0.5738993710691824,0.14285714285714285,0.3811,Paranaguá,PR
1503606,123314,3.0,645.3974140752864,2.0,38282,0.17778910770557751,0.12264150943396226,0.1179245283018868,0.9777777777777777,0.3778,Itaituba,PA
2913606,178649,8.0,576.4375421305535,6.0,42464,0.24140611449605553,0.42452830188679247,0.46855345911949686,0.2222222222222222,0.377,Ilhéus,BA
2610707,342167,19.0,559.9823912761303,16.0,78837,0.20461903169116363,0.24842767295597484,0.8238993710691824,0.10158730158730159,0.377,Paulista,PE
5108402,300078,10.0,576.9431098892233,6.0,82504,0.21753512739755526,0.32075471698113206,0.5738993710691824,0.23174603174603176,0.37,Várzea Grande,MT
3301702,808161,42.0,558.012792637606,21.0,194354,0.18839378121940736,0.16037735849056603,0.9245283018867925,0.09206349206349207,0.3691,Duque de Caxias,RJ
4101408,130134,7.0,562.9869418498168,4.0,29667,0.2653578497504224,0.5188679245283019,0.39937106918238996,0.1365079365079365,0.3683,Apucarana,PR
1702109,171301,6.0,589.4542429711246,4.0,47749,0.23161938308238325,0.3742138364779874,0.32861635220125784,0.3904761904761905,0.3654,Araguaína,TO
3557006,127923,5.0,574.0038247863248,5.0,29654,0.2719083991926515,0.5534591194968553,0.25157232704402516,0.20317460317460317,0.3578,Votorantim,SP
3302502,228127,9.0,596.9778837092732,5.0,56080,0.17571275902340078,0.11006289308176101,0.5251572327044025,0.5174603174603175,0.3568,Magé,RJ
3510609,386984,10.0,570.8356422043565,7.0,94078,0.21730215173833178,0.31761006289308175,0.5738993710691824,0.1873015873015873,0.3554,Carapicuíba,SP
3525003,118045,7.0,567.1742389160693,4.0,28381,0.2533598093320708,0.46226415094339623,0.39937106918238996,0.16507936507936508,0.3542,Jandira,SP
4322400,117210,2.0,596.4327272727273,1.0,29332,0.24587594605042845,0.44654088050314467,0.0660377358490566,0.5015873015873016,0.3489,Uruguaiana,RS
2111201,244579,6.0,596.4273798778979,4.0,66377,0.19977807563991215,0.22327044025157233,0.32861635220125784,0.4984126984126984,0.3374,São José de Ribamar,MA
3203205,166786,5.0,591.0785172305764,4.0,42916,0.2220486368678457,0.34276729559748426,0.25157232704402516,0.4095238095238095,0.3354,Linhares,ES
3303203,146774,13.0,551.6030240381846,8.0,29727,0.21039867673144588,0.2861635220125786,0.6776729559748428,0.05714285714285714,0.3349,Nilópolis,RJ
2928703,103055,7.0,583.3847932641534,6.0,24024,0.21061570087602405,0.2893081761006289,0.39937106918238996,0.31746031746031744,0.3308,Santo Antônio de Jesus,BA
2603454,147771,9.0,573.9972355034158,8.0,34264,0.2095824563815611,0.27358490566037735,0.5251572327044025,0.2,0.327,Camaragibe,PE
3301900,224267,14.0,572.5823890026682,10.0,51619,0.18428517163613817,0.13836477987421383,0.7122641509433962,0.19047619047619047,0.3262,Itaboraí,RJ
2900702,151055,9.0,578.5226367066597,6.0,36332,0.2023629940004716,0.2358490566037736,0.5251572327044025,0.24444444444444444,0.3252,Alagoinhas,BA
5221858,198861,9.0,563.4556502188012,8.0,54811,0.21376392360141316,0.3018867924528302,0.5251572327044025,0.13968253968253969,0.3202,Valparaíso de Goiás,GO
2803500,101579,1.0,630.867,1.0,25417,0.1737290963391315,0.09433962264150944,0.0220125786163522,0.9174603174603174,0.3196,Lagarto,SE
3145208,105552,3.0,615.7029149797571,2.0,28814,0.1844158584639748,0.14150943396226415,0.1179245283018868,0.7587301587301587,0.3196,Nova Serrana,MG
1400100,413486,6.0,575.7726312379582,6.0,129162,0.23579106174181713,0.39308176100628933,0.32861635220125784,0.2126984126984127,0.3196,Boa Vista,RR
4104204,136327,4.0,581.7119607843138,2.0,32015,0.2446212118365746,0.44339622641509435,0.17767295597484276,0.27936507936507937,0.3145,Campo Largo,PR
3516408,144849,5.0,594.4679673913045,2.0,35262,0.20049834239043823,0.22641509433962265,0.25157232704402516,0.473015873015873,0.3079,Franco da Rocha,SP
3305109,440962,16.0,562.8102605120171,10.0,100123,0.17185569908796738,0.08176100628930817,0.7720125786163522,0.13333333333333333,0.3043,São João de Meriti,RJ
5212501,209129,11.0,566.6427777777777,2.0,59296,0.1889965544858597,0.16666666666666666,0.6194968553459119,0.1619047619047619,0.3011,Luziânia,GO
3201308,353491,7.0,587.3060792119871,6.0,87968,0.19115189145000008,0.1792452830188679,0.39937106918238996,0.35873015873015873,0.2991,Cariacica,ES
1506807,331942,3.0,602.6211255411255,3.0,102208,0.19274889910137838,0.18867924528301888,0.1179245283018868,0.5873015873015873,0.287,Santarém,PA
4105805,232212,5.0,587.0041159420289,2.0,58507,0.20750354811845773,0.2610062893081761,0.25157232704402516,0.35555555555555557,0.2865,Colombo,PR
4203204,103074,4.0,574.8487464387464,3.0,25561,0.24018365156972685,0.42138364779874216,0.17767295597484276,0.20634920634920634,0.2838,Camboriú,SC
3300407,169894,3.0,582.5794239737274,2.0,35711,0.23334884216888346,0.3867924528301887,0.1179245283018868,0.30158730158730157,0.2806,Barra Mansa,RJ
3522208,158522,7.0,579.8812734324499,5.0,40429,0.19321043300725393,0.19811320754716982,0.39937106918238996,0.2634920634920635,0.2781,Itapecerica da Serra,SP
4103701,107208,1.0,578.281768707483,1.0,23815,0.25882983696514617,0.4937106918238994,0.0220125786163522,0.24126984126984127,0.2765,Cambé,PR
1502103,134184,1.0,626.2570491803278,1.0,43870,0.155418449892145,0.009433962264150943,0.0220125786163522,0.8857142857142857,0.2761,Cametá,PA
3157807,219132,5.0,585.8271560499877,5.0,51665,0.20323769325274463,0.24213836477987422,0.25157232704402516,0.346031746031746,0.2761,Santa Luzia,MG
4101804,151666,5.0,576.586382020757,4.0,38903,0.21933587224792536,0.330188679245283,0.25157232704402516,0.2253968253968254,0.2752,Araucária,PR
3522109,112476,5.0,568.4476388888888,2.0,26579,0.2268545137921888,0.36477987421383645,0.25157232704402516,0.17142857142857143,0.2728,Itanhaém,SP
4323002,224112,5.0,560.3875669147409,3.0,52819,0.23786665484031827,0.4056603773584906,0.25157232704402516,0.11428571428571428,0.272,Viamão,RS
2101400,101767,8.0,576.3664609222405,5.0,31668,0.18882879976252726,0.16352201257861634,0.46855345911949686,0.21904761904761905,0.2717,Balsas,MA
3154606,329794,1.0,613.3495238095238,1.0,81426,0.17451872306125363,0.1069182389937107,0.0220125786163522,0.7365079365079366,0.2703,Ribeirão das Neves,MG
5208004,115901,4.0,562.7596897546897,4.0,30234,0.24254707061105304,0.4308176100628931,0.17767295597484276,0.13015873015873017,0.2647,Formosa,GO
2306405,131123,2.0,616.432,1.0,37301,0.16029642497346902,0.031446540880503145,0.0660377358490566,0.7619047619047619,0.261,Itapipoca,CE
5200258,225693,13.0,555.5244796221323,5.0,69034,0.16750670538374424,0.06918238993710692,0.6776729559748428,0.07936507936507936,0.2548,Águas Lindas de Goiás,GO
3302007,116841,8.0,561.4059738095239,4.0,29406,0.19253856398583027,0.18553459119496854,0.46855345911949686,0.12063492063492064,0.251,Itaguaí,RJ
3523107,369275,8.0,580.1260101600154,5.0,99473,0.16842836217241883,0.07547169811320754,0.46855345911949686,0.26666666666666666,0.2508,Itaquaquecetuba,SP
3119401,104736,1.0,587.765,1.0,23471,0.21997317787097675,0.33647798742138363,0.0220125786163522,0.36507936507936506,0.2507,Coronel Fabriciano,MG
1501303,126650,8.0,572.6751564327485,5.0,38788,0.17395694063332623,0.10062893081761007,0.46855345911949686,0.19365079365079366,0.2389,Barcarena,PA
2616407,134084,7.0,577.6597511108117,6.0,32753,0.1765381977974416,0.11635220125786164,0.39937106918238996,0.23492063492063492,0.2368,Vitória de Santo Antão,PE
2606002,142506,3.0,584.282897707231,3.0,37538,0.20564716180362727,0.25157232704402516,0.1179245283018868,0.33015873015873015,0.2351,Garanhuns,PE
2602902,203440,8.0,560.2179042889502,5.0,51604,0.17999327046168606,0.1320754716981132,0.46855345911949686,0.10476190476190476,0.2248,Cabo de Santo Agostinho,PE
3300456,483087,11.0,547.7135555555556,5.0,117059,0.16569626714500474,0.06289308176100629,0.6194968553459119,0.044444444444444446,0.2243,Belford Roxo,RJ
3156700,129380,2.0,569.691625,2.0,29278,0.23061689446907946,0.3710691823899371,0.0660377358490566,0.18412698412698414,0.2235,Sabará,MG
2804805,192330,6.0,588.4045685473152,4.0,54584,0.15833920101010127,0.025157232704402517,0.32861635220125784,0.38095238095238093,0.2229,Nossa Senhora do Socorro,SE
2918407,237821,4.0,582.1275727821617,4.0,68289,0.19429887520229328,0.20754716981132076,0.17767295597484276,0.2857142857142857,0.222,Juazeiro,BA
2312908,203023,4.0,582.5186746146506,3.0,50452,0.19286764951837188,0.1918238993710692,0.17767295597484276,0.2984126984126984,0.2196,Sobral,CE
1500107,158188,5.0,591.659565934066,4.0,46262,0.16337511924704556,0.04716981132075472,0.25157232704402516,0.4126984126984127,0.2181,Abaetetuba,PA
1100122,124333,4.0,561.9640096618357,2.0,32347,0.21441454089710216,0.3050314465408805,0.17767295597484276,0.12380952380952381,0.2125,Ji-Paraná,RO
2304202,131050,2.0,582.35,1.0,33450,0.2041415451664238,0.24528301886792453,0.0660377358490566,0.29523809523809524,0.2065,Crato,CE
3515004,250691,7.0,553.0372748075723,3.0,63629,0.1851671341384738,0.14465408805031446,0.39937106918238996,0.06984126984126984,0.1986,Embu das Artes,SP
3304144,140523,7.0,566.3878855682058,5.0,35053,0.16484697243020713,0.059748427672955975,0.39937106918238996,0.15873015873015872,0.1913,Queimados,RJ
3539806,103765,3.0,565.24375,1.0,24291,0.20986552710267126,0.27672955974842767,0.1179245283018868,0.14603174603174604,0.1899,Poá,SP
3302858,167127,6.0,559.833300110742,2.0,37544,0.18761113327806683,0.1540880503144654,0.32861635220125784,0.09841269841269841,0.1897,Mesquita,RJ
1500602,126279,5.0,547.3020952684742,5.0,38668,0.202658052186277,0.2389937106918239,0.25157232704402516,0.04126984126984127,0.1835,Altamira,PA
3513504,112476,6.0,548.2335485008817,3.0,27764,0.18981511648449084,0.17295597484276728,0.32861635220125784,0.050793650793650794,0.183,Cubatão,SP
2930709,114559,5.0,582.2830769230769,2.0,30150,0.16143340627800554,0.03773584905660377,0.25157232704402516,0.2920634920634921,0.1782,Simões Filho,BA
2112209,174465,6.0,560.30347746004,4.0,49698,0.17292252457988078,0.0880503144654088,0.32861635220125784,0.1111111111111111,0.1671,Timon,MA
2924009,112870,2.0,578.5891286614756,2.0,29258,0.1904420519091404,0.1761006289308176,0.0660377358490566,0.24761904761904763,0.1645,Paulo Afonso,BA
2307650,234509,6.0,562.1783333333334,4.0,60524,0.16386871561077543,0.05345911949685535,0.32861635220125784,0.12698412698412698,0.1581,Maracanaú,CE
4320008,132107,2.0,539.414053030303,2.0,30117,0.218696996137565,0.3238993710691824,0.0660377358490566,0.022222222222222223,0.156,Sapucaia do Sul,RS
1505502,105550,7.0,529.2590823754789,4.0,32893,0.17267771471188256,0.08490566037735849,0.39937106918238996,0.006349206349206349,0.1557,Paragominas,PA
3522505,232297,4.0,567.7833023342671,3.0,61603,0.17940921090514403,0.12578616352201258,0.17767295597484276,0.16825396825396827,0.1541,Itapevi,SP
2100055,106550,6.0,551.6920092592593,4.0,31559,0.17341701016186775,0.09119496855345911,0.32861635220125784,0.06031746031746032,0.1532,Açailândia,MA
5220454,155635,3.0,552.226277056277,2.0,44458,0.2014309008732588,0.23270440251572327,0.1179245283018868,0.06349206349206349,0.1475,Senador Canedo,GO
2513703,149910,8.0,533.3959256669257,6.0,41074,0.15368910725476956,0.0031446540880503146,0.46855345911949686,0.015873015873015872,0.1466,Santa Rita,PB
4300604,187315,2.0,565.7875,2.0,46854,0.19345960395403758,0.20440251572327045,0.0660377358490566,0.1492063492063492,0.1463,Alvorada,RS
1600600,107618,3.0,569.1830288461538,2.0,34339,0.1761389029427417,0.11320754716981132,0.1179245283018868,0.17777777777777778,0.134,Santana,AP
2303709,355679,5.0,548.2491991556831,5.0,93336,0.17384093148762048,0.09748427672955975,0.25157232704402516,0.05396825396825397,0.1307,Caucaia,CE
2103000,156973,4.0,557.3372198928121,4.0,45452,0.17410183386786718,0.10377358490566038,0.17767295597484276,0.08253968253968254,0.1196,Caxias,MA
2307700,105093,4.0,566.0541729036729,4.0,26123,0.16187713476179633,0.040880503144654086,0.17767295597484276,0.15555555555555556,0.1163,Maranguape,CE
1301902,103598,2.0,581.2600000000001,1.0,35197,0.1609404363610433,0.03459119496855346,0.0660377358490566,0.273015873015873,0.1156,Itacoatiara,AM
4119509,118730,1.0,555.312,1.0,31670,0.19584182823427637,0.2138364779874214,0.0220125786163522,0.0761904761904762,0.115,Piraquara,PR
5217609,105031,1.0,582.2525,1.0,30320,0.163583452745816,0.050314465408805034,0.0220125786163522,0.28888888888888886,0.1134,Planaltina,GO
3515707,179198,4.0,545.9134928698752,4.0,45226,0.1775021537554739,0.11949685534591195,0.17767295597484276,0.0380952380952381,0.1125,Ferraz de Vasconcelos,SP
3556503,115771,1.0,554.6444444444445,1.0,27153,0.19161826450433378,0.18238993710691823,0.0220125786163522,0.07301587301587302,0.1015,Várzea Paulista,SP
4107652,148873,1.0,557.6872727272727,1.0,42734,0.1876953071730354,0.15723270440251572,0.0220125786163522,0.08888888888888889,0.0962,Fazenda Rio Grande,PR
2107506,145643,3.0,542.1497149122807,2.0,39656,0.17962088367500903,0.1289308176100629,0.1179245283018868,0.02857142857142857,0.0955,Paço do Lumiar,MA
1501709,123082,4.0,528.2662396135265,4.0,37717,0.1676364759682201,0.07232704402515723,0.17767295597484276,0.0031746031746031746,0.0832,Bragança,PA
4100400,119825,2.0,,0.0,32885,0.18618531447247344,0.14779874213836477,0.0660377358490566,0.0031746031746031746,0.0799,Almirante Tamandaré,PR
2101202,103711,3.0,542.6079326599325,3.0,29979,0.17067086457827482,0.07861635220125786,0.1179245283018868,0.031746031746031744,0.0763,Bacabal,MA
4126256,118455,1.0,545.3975,1.0,30067,0.18376307425684074,0.13522012578616352,0.0220125786163522,0.03492063492063492,0.0712,Sarandi,PR
2606804,115196,3.0,542.0000424263272,3.0,29603,0.16656647899058705,0.0660377358490566,0.1179245283018868,0.025396825396825397,0.0694,Igarassu,PE
2103307,114275,2.0,560.2741666666667,2.0,35479,0.15780536775920698,0.0220125786163522,0.0660377358490566,0.10793650793650794,0.061,Codó,MA
2613701,111249,3.0,529.8950793650794,2.0,27731,0.16396587548224748,0.05660377358490566,0.1179245283018868,0.009523809523809525,0.0609,São Lourenço da Mata,PE
5215231,103804,3.0,547.8,1.0,30333,0.15778988831392252,0.018867924528301886,0.1179245283018868,0.047619047619047616,0.0572,Novo Gama,GO
3516309,165139,2.0,559.4133333333333,1.0,44365,0.15673810367360203,0.012578616352201259,0.0660377358490566,0.09523809523809523,0.0534,Francisco Morato,SP
1501808,106968,3.0,,0.0,42361,0.15734606015483654,0.015723270440251572,0.1179245283018868,0.0031746031746031746,0.0426,Breves,PA
2412005,115838,2.0,,0.0,30467,0.15998898446145252,0.02830188679245283,0.0660377358490566,0.0031746031746031746,0.0321,São Gonçalo do Amarante,RN
1504422,111785,1.0,530.4925,1.0,30766,0.1629457536712809,0.0440251572327044,0.0220125786163522,0.012698412698412698,0.028,Marituba,PA
1302504,101883,1.0,538.1220000000001,1.0,35812,0.15484682826995394,0.006289308176100629,0.0220125786163522,0.01904761904761905,0.0148,Manacapuru,AM
