codigo_municipio;populacao_total;qtd_escolas_elegiveis;qtd_escolas_com_enem;enem_media_praca;populacao_0_17;score_socioeconomico;percentil_socioeconomico;percentil_volume_escolas;percentil_qualidade_enem;score_priorizacao;nome_municipio_ibge;uf;rank_cidade;top10
3106200;2315560;111,0;89,0;646,1814340678559;436188;0,6082469503744856;0,9654088050314464;0,9874213836477987;0,9714285714285714;0,9738;Belo Horizonte;MG;1;True
3303302;481749;54,0;38,0;644,5040205479451;84984;0,9618300711710692;1,0;0,9449685534591196;0,9523809523809524;0,9692;Niterói;RJ;2;True
5208707;1437366;85,0;66,0;638,410821864324;313406;0,5169299880615563;0,9465408805031448;0,9779874213836478;0,9206349206349206;0,9482;Goiânia;GO;3;True
3205309;322869;18,0;17,0;659,6090372474748;64226;0,7705237921900676;0,9842767295597484;0,809748427672956;0,9936507936507936;0,9347;Vitória;ES;4;True
4205407;537211;34,0;26,0;632,3985962185961;99544;0,8646907090227307;0,9937106918238994;0,8977987421383647;0,8793650793650793;0,9306;Florianópolis;SC;5;True
5300108;2817381;134,0;103,0;625,9349165193479;656575;0,6028953232975294;0,9622641509433962;0,9905660377358492;0,819047619047619;0,9278;Brasília;DF;6;True
4314902;1332845;51,0;46,0;628,3060460992907;257661;0,7294645845772175;0,9779874213836478;0,9371069182389936;0,8507936507936508;0,9276;Porto Alegre;RS;7;True
3549904;697054;28,0;22,0;645,5985727069352;155370;0,4377076326401712;0,9150943396226416;0,8836477987421384;0,9650793650793652;0,9207;São José dos Campos;SP;8;True
2611606;1488920;90,0;70,0;627,0294436478348;319633;0,4783011713821407;0,9308176100628932;0,981132075471698;0,8317460317460318;0,9162;Recife;PE;9;True
3543402;698642;47,0;35,0;628,1991820728291;142287;0,4737293135467384;0,9245283018867924;0,9276729559748428;0,8444444444444444;0,9014;Ribeirão Preto;SP;10;True
3548807;165655;14,0;10,0;631,6276875;30754;0,9258013419515192;0,9968553459119496;0,7122641509433962;0,8761904761904762;0,8753;São Caetano do Sul;SP;11;False
2507507;833932;63,0;50,0;628,300811394044;194972;0,3658639155146744;0,8113207547169812;0,9622641509433962;0,8476190476190476;0,8675;João Pessoa;PB;12;False
3170206;713224;22,0;18,0;642,2582333025547;157889;0,3661817315059634;0,8144654088050315;0,8522012578616353;0,9428571428571428;0,8643;Uberlândia;MG;13;False
2800308;602757;61,0;43,0;619,5221463251298;136430;0,4163817492243541;0,8930817610062893;0,959119496855346;0,7301587301587301;0,864;Aracaju;SE;14;False
3136702;540756;20,0;15,0;628,7330707327404;104428;0,4056894178212451;0,8742138364779874;0,8380503144654088;0,8539682539682539;0,8573;Juiz de Fora;MG;15;False
2408102;751300;53,0;44,0;619,9762973817899;165082;0,4008916776401226;0,8679245283018868;0,940251572327044;0,746031746031746;0,8531;Natal;RN;16;False
4106902;1773718;65,0;50,0;610,432962376934;349701;0,6515001327089087;0,9748427672955976;0,9654088050314464;0,5650793650793651;0,8491;Curitiba;PR;17;False
3144805;111697;9,0;7,0;645,8039716312056;24766;0,8051109595871214;0,9874213836477987;0,5251572327044025;0,9682539682539684;0,843;Nova Lima;MG;18;False
3304557;6211223;465,0;319,0;608,8112662022036;1251008;0,5206560392715472;0,949685534591195;0,9968553459119496;0,5396825396825397;0,8408;Rio de Janeiro;RJ;19;False
4113700;555965;24,0;19,0;618,4557273482959;117917;0,4383414977449144;0,9182389937106918;0,8647798742138365;0,7015873015873015;0,8372;Londrina;PR;20;False
3525904;443221;36,0;28,0;610,6159809523809;90755;0,5460426204193487;0,9559748427672956;0,9072327044025156;0,5682539682539682;0,825;Jundiaí;SP;21;False
3538709;423323;23,0;17,0;621,0547952306895;89355;0,3853417527388333;0,8490566037735849;0,8584905660377359;0,7555555555555555;0,8238;Piracicaba;SP;22;False
2304400;2428708;135,0;106,0;622,8588752136752;545863;0,3291627197242535;0,7232704402515723;0,9937106918238994;0,7777777777777778;0,8208;Fortaleza;CE;23;False
3548708;810729;37,0;32,0;612,3169320761307;169455;0,4325332079763368;0,9088050314465408;0,9135220125786164;0,6095238095238096;0,8204;São Bernardo do Campo;SP;24;False
3509502;1139047;50,0;40,0;607,7364049586778;230413;0,5557403216428769;0,959119496855346;0,9339622641509434;0,5206349206349207;0,82;Campinas;SP;25;False
3548500;418608;37,0;28,0;606,995568917669;74193;0,7313350933119964;0,981132075471698;0,9135220125786164;0,5079365079365079;0,8189;Santos;SP;26;False
3548906;254857;14,0;13,0;626,924486452426;52466;0,412734291938813;0,889937106918239;0,7122641509433962;0,8285714285714286;0,8182;São Carlos;SP;27;False
3549805;480393;39,0;29,0;611,1233018273473;96786;0,4356730583057975;0,9119496855345912;0,9182389937106918;0,5777777777777777;0,8136;São José do Rio Preto;SP;28;False
3550308;11451999;603,0;447,0;602,0704198104081;2377363;0,538323112625207;0,9528301886792452;1,0;0,4349206349206349;0,8116;São Paulo;SP;29;False
3303906;278881;30,0;18,0;624,9089645390071;55841;0,3421749781221927;0,7578616352201258;0,8883647798742138;0,8;0,8097;Petrópolis;RJ;30;False
4316907;271735;10,0;9,0;633,6432936507937;54873;0,4782677897888648;0,9276729559748428;0,5738993710691824;0,8857142857142857;0,809;Santa Maria;RS;31;False
5103403;650877;34,0;26,0;611,6486332218506;161624;0,4309799702676718;0,9025157232704404;0,8977987421383647;0,580952380952381;0,8046;Cuiabá;MT;32;False
3556206;126373;7,0;5,0;648,9255263157895;24998;0,6514234812034514;0,9716981132075472;0,3993710691823899;0,9777777777777776;0,8018;Valinhos;SP;33;False
3520509;255748;13,0;11,0;619,0175468483816;55459;0,4887948081593457;0,9339622641509434;0,6776729559748428;0,7238095238095238;0,794;Indaiatuba;SP;34;False
3170107;337836;14,0;12,0;644,8496546863988;73942;0,3333320290778638;0,7295597484276729;0,7122641509433962;0,9555555555555556;0,7922;Uberaba;MG;35;False
3305802;165123;18,0;9,0;624,405;35604;0,3493145511256174;0,779874213836478;0,809748427672956;0,7904761904761904;0,792;Teresópolis;RJ;36;False
3554102;310739;18,0;15,0;625,4138080959522;67658;0,3427115663512651;0,7610062893081762;0,809748427672956;0,8126984126984127;0,7911;Taubaté;SP;37;False
2927408;2417678;101,0;80,0;610,3366398831264;493892;0,36883433521202;0,8176100628930818;0,9842767295597484;0,5619047619047619;0,7909;Salvador;BA;38;False
3151800;163742;11,0;7,0;649,8742857142859;32403;0,3462409164743096;0,7735849056603774;0,6194968553459119;0,9809523809523808;0,7896;Poços de Caldas;MG;39;False
5002704;898100;35,0;28,0;614,5310706638115;221316;0,3607932522975913;0,8050314465408805;0,9025157232704404;0,653968253968254;0,789;Campo Grande;MS;40;False
4115200;409657;24,0;18,0;606,1733684950773;81151;0,5038877376388149;0,9433962264150944;0,8647798742138365;0,5047619047619047;0,7882;Maringá;PR;41;False
3547809;748919;41,0;33,0;602,8538142620232;147558;0,4904151874990433;0,9371069182389936;0,9213836477987422;0,4539682539682539;0,7874;Santo André;SP;42;False
3205200;467722;22,0;19,0;610,012915303526;98515;0,4324187647061557;0,9056603773584906;0,8522012578616353;0,5555555555555556;0,7846;Vila Velha;ES;43;False
1721000;302692;15,0;13,0;620,6346153846154;82473;0,3733259037760054;0,8364779874213837;0,7468553459119497;0,7523809523809524;0,7844;Palmas;TO;44;False
2211001;866300;56,0;47,0;625,6030437251562;206747;0,2977539176821454;0,6289308176100629;0,95125786163522;0,8158730158730159;0,7817;Teresina;PI;45;False
3303401;189939;18,0;12,0;635,47872909699;37184;0,3154420112161907;0,6729559748427673;0,809748427672956;0,8984126984126984;0,7816;Nova Friburgo;RJ;46;False
2919207;203331;11,0;9,0;638,0096556473829;47931;0,3602035095557584;0,8018867924528302;0,6194968553459119;0,9142857142857144;0,7809;Lauro de Freitas;BA;47;False
4305108;463501;12,0;9,0;622,7575644028104;96186;0,4077395156474396;0,8836477987421384;0,64937106918239;0,7714285714285715;0,7797;Caxias do Sul;RS;48;False
4202008;139155;8,0;6,0;624,6723314606741;24788;0,8359104958703304;0,9905660377358492;0,4685534591194968;0,7968253968253968;0,7758;Balneário Camboriú;SC;49;False
3131307;227731;13,0;8,0;672,581915535445;49261;0,3159163783630496;0,6761006289308176;0,6776729559748428;1,0;0,7737;Ipatinga;MG;50;False
2403251;252716;17,0;13,0;621,3585823754789;58375;0,3428886940208135;0,7672955974842768;0,789308176100629;0,7619047619047619;0,7723;Parnamirim;RN;51;False
3503208;242228;17,0;13,0;616,7453129548762;49459;0,3710352039588999;0,8270440251572327;0,789308176100629;0,6793650793650794;0,7714;Araraquara;SP;52;False
3552205;723682;30,0;24,0;608,0906328794755;159309;0,3877516342375087;0,8553459119496856;0,8883647798742138;0,526984126984127;0,7667;Sorocaba;SP;53;False
3504107;158647;14,0;12,0;613,9654601226994;35029;0,4087714170454201;0,8867924528301887;0,7122641509433962;0,6444444444444445;0,7617;Atibaia;SP;54;False
3547304;154105;10,0;6,0;615,0110822510823;39427;0,6300711343496486;0,9685534591194968;0,5738993710691824;0,6634920634920635;0,7586;Santana de Parnaíba;SP;55;False
3541406;225668;15,0;11,0;615,1691504679625;46169;0,3717660581005706;0,8301886792452831;0,7468553459119497;0,6666666666666666;0,7561;Presidente Prudente;SP;56;False
4202404;361261;10,0;7,0;618,7378282828282;73518;0,4581300479522034;0,9213836477987422;0,5738993710691824;0,7111111111111111;0,7541;Blumenau;SC;57;False
3122306;231091;10,0;9,0;659,9938675213675;46419;0,3188655563524237;0,6981132075471698;0,5738993710691824;0,9968253968253968;0,7505;Divinópolis;MG;58;False
3505708;316473;6,0;4,0;650,363137254902;77792;0,4074028221554029;0,8773584905660378;0,3286163522012578;0,9904761904761904;0,7467;Barueri;SP;59;False
4208203;264054;12,0;5,0;619,0043243243243;63282;0,3750397017437037;0,839622641509434;0,64937106918239;0,7174603174603175;0,7459;Itajaí;SC;60;False
3506003;379146;22,0;19,0;605,0594579172609;79783;0,3918390586890639;0,8616352201257862;0,8522012578616353;0,4793650793650794;0,7441;Bauru;SP;61;False
3306305;261563;14,0;11,0;626,6448138528139;52939;0,319422064750314;0,7044025157232704;0,7122641509433962;0,8253968253968254;0,7431;Volta Redonda;RJ;62;False
3167202;227397;14,0;12,0;647,2547768281102;47516;0,2789110960715038;0,5754716981132075;0,7122641509433962;0,9746031746031746;0,7362;Sete Lagoas;MG;63;False
3530607;451505;31,0;24,0;611,6733073727933;107162;0,3243103893744055;0,7138364779874213;0,8930817610062893;0,5873015873015873;0,7296;Mogi das Cruzes;SP;64;False
4314407;325685;10,0;9,0;622,7592694063927;67146;0,3619071268958593;0,8081761006289309;0,5738993710691824;0,7746031746031746;0,7278;Pelotas;RS;65;False
3148004;159235;8,0;5,0;645,0246153846153;32721;0,3369159435490645;0,7484276729559748;0,4685534591194968;0,9587301587301588;0,7276;Patos de Minas;MG;66;False
3152501;152217;10,0;9,0;638,0022334455668;32674;0,3193934075254494;0,7012578616352201;0,5738993710691824;0,9111111111111112;0,726;Pouso Alegre;MG;67;False
4304606;347657;12,0;8,0;614,3310731244064;76555;0,369648883408005;0,8207547169811321;0,64937106918239;0,6507936507936508;0,7184;Canoas;RS;68;False
3302403;246391;16,0;10,0;612,680016025641;61943;0,3353926411931789;0,7421383647798742;0,7720125786163522;0,6253968253968254;0,7161;Macaé;RJ;69;False
3501608;237240;9,0;8,0;616,8836050364481;46982;0,4076332614339408;0,8805031446540881;0,5251572327044025;0,6825396825396826;0,7145;Americana;SP;70;False
4216602;270299;14,0;10,0;603,5721075672295;55435;0,4248903976206465;0,8962264150943396;0,7122641509433962;0,4666666666666667;0,7122;São José;SC;71;False
4104808;348051;13,0;10,0;614,1752631578947;81775;0,3544833121929452;0,7861635220125787;0,6776729559748428;0,6476190476190476;0,7121;Cascavel;PR;72;False
3502804;200124;13,0;12,0;613,0706602254428;40512;0,3581285359782574;0,7955974842767296;0,6776729559748428;0,6317460317460317;0,7111;Araçatuba;SP;73;False
3513009;274413;20,0;14,0;597,6705354058723;69131;0,3768313610978787;0,8427672955974843;0,8380503144654088;0,4;0,7085;Cotia;SP;74;False
4209102;616317;17,0;10,0;602,3821944096787;138748;0,3774561515991768;0,8459119496855346;0,789308176100629;0,4412698412698412;0,7075;Joinville;SC;75;False
2504009;419379;24,0;18,0;629,0337980339588;100924;0,2547291617910115;0,4748427672955975;0,8647798742138365;0,8603174603174604;0,7075;Campina Grande;PB;76;False
3507506;145155;11,0;9,0;619,6876353276353;31385;0,3364431478633488;0,7452830188679245;0,6194968553459119;0,7428571428571429;0,7068;Botucatu;SP;77;False
3516200;352536;17,0;13,0;625,1665414710486;78064;0,276746445304925;0,5691823899371069;0,789308176100629;0,8063492063492064;0,7064;Franca;SP;78;False
2111300;1037775;56,0;44,0;610,3146703096539;246007;0,2983065338254048;0,6320754716981132;0,95125786163522;0,5587301587301587;0,7058;São Luís;MA;79;False
3304524;156491;19,0;15,0;612,3764203233256;37987;0,317563642555785;0,6823899371069182;0,8238993710691824;0,6190476190476191;0,7058;Rio das Ostras;RJ;80;False
3304201;129612;9,0;8,0;625,1973194081811;28384;0,3376623180379266;0,7515723270440252;0,5251572327044025;0,8095238095238095;0,701;Resende;RJ;81;False
4204202;254785;7,0;7,0;627,3340890688258;60191;0,3702196765192742;0,8238993710691824;0,3993710691823899;0,8380952380952381;0,7008;Chapecó;SC;82;False
3143302;414240;15,0;12,0;634,6174447513812;97905;0,2653813546400318;0,5220125786163522;0,7468553459119497;0,8920634920634921;0,7005;Montes Claros;MG;83;False
3138203;104761;6,0;5,0;642,6059722222221;21447;0,3571909552159769;0,7924528301886793;0,3286163522012578;0,946031746031746;0,6994;Lavras;MG;84;False
5201108;398869;15,0;9,0;624,500027100271;96733;0,2790280355070902;0,5786163522012578;0,7468553459119497;0,7936507936507936;0,6936;Anápolis;GO;85;False
1501402;1303403;73,0;56,0;595,1068509761126;289801;0,3349808396347901;0,7358490566037735;0,9685534591194968;0,3619047619047619;0,6935;Belém;PA;86;False
3170701;136467;8,0;6,0;641,6947181964573;29604;0,3144611468633114;0,6698113207547169;0,4685534591194968;0,9396825396825396;0,6904;Varginha;MG;87;False
4302105;123151;3,0;2,0;645,3987037037036;24490;0,4273528549739644;0,89937106918239;0,1179245283018868;0,961904761904762;0,6837;Bento Gonçalves;RS;88;False
5218805;225696;13,0;8,0;624,9428952380953;57088;0,2841638267620219;0,5974842767295597;0,6776729559748428;0,8031746031746032;0,6832;Rio Verde;GO;89;False
5003702;243367;7,0;5,0;638,197188940092;62927;0,3220949051305894;0,710691823899371;0,3993710691823899;0,9174603174603174;0,6793;Dourados;MS;90;False
3523909;168240;10,0;9,0;627,1138408304497;38350;0,3017756831976106;0,6415094339622641;0,5738993710691824;0,834920634920635;0,6792;Itu;SP;91;False
3523404;121590;11,0;8,0;605,5406178861789;25694;0,3915613128913008;0,8584905660377359;0,6194968553459119;0,4857142857142857;0,675;Itatiba;SP;92;False
2910800;616272;25,0;19,0;629,3867800453515;150536;0,2252830688119694;0,3616352201257861;0,8726415094339622;0,8634920634920635;0,6655;Feira de Santana;BA;93;False
3526902;291869;20,0;15,0;598,9683223443224;60159;0,3256886036861682;0,7169811320754716;0,8380503144654088;0,4158730158730159;0,663;Limeira;SP;94;False
3118601;621863;16,0;15,0;619,0060910087719;133532;0,268553256769496;0,5345911949685535;0,7720125786163522;0,7206349206349206;0,6616;Contagem;MG;95;False
3301009;483540;26,0;15,0;616,9691789015769;114930;0,2544922756041808;0,4716981132075472;0,8789308176100629;0,6857142857142857;0,6581;Campos dos Goytacazes;RJ;96;False
5107909;196312;8,0;5,0;622,8992175273866;53032;0,3194469800151827;0,7075471698113207;0,4685534591194968;0,780952380952381;0,6579;Sinop;MT;97;False
3525300;133497;9,0;9,0;637,4309604519773;27600;0,2752181751359509;0,5628930817610063;0,5251572327044025;0,9047619047619048;0,6541;Jaú;SP;98;False
4314100;206215;3,0;2,0;635,0666666666667;45617;0,4010665775133676;0,8710691823899371;0,1179245283018868;0,8952380952380953;0,6524;Passo Fundo;RS;99;False
3534401;728615;36,0;27,0;579,6166804293971;164759;0,3473301794385212;0,7767295597484277;0,9072327044025156;0,2222222222222222;0,6495;Osasco;SP;100;False
3529005;237627;11,0;9,0;605,8707282282282;50865;0,3439997859296293;0,7704402515723271;0,6194968553459119;0,4984126984126984;0,6435;Marília;SP;101;False
2704302;957916;77,0;60,0;584,7387328562911;234605;0,3072652726151068;0,6509433962264151;0,9716981132075472;0,2888888888888888;0,6386;Maceió;AL;102;False
3518404;118044;8,0;6,0;612,7476543209876;24841;0,3427275258796756;0,7641509433962265;0,4685534591194968;0,6285714285714286;0,6348;Guaratinguetá;SP;103;False
4108304;285415;15,0;11,0;605,1315809523811;69837;0,3124759560020873;0,660377358490566;0,7468553459119497;0,4825396825396825;0,633;Foz do Iguaçu;PR;104;False
4218707;110088;6,0;5,0;619,5928306878308;22541;0,3524650067138779;0,7830188679245284;0,3286163522012578;0,7333333333333333;0,6318;Tubarão;SC;105;False
5211909;105729;7,0;3,0;638,9468992248062;25972;0,2797127917898601;0,5817610062893082;0,3993710691823899;0,926984126984127;0,6306;Jataí;GO;106;False
3507605;176811;11,0;11,0;608,3049751243781;37106;0,3187476065705691;0,6949685534591195;0,6194968553459119;0,5333333333333333;0,6238;Bragança Paulista;SP;107;False
4204608;214493;6,0;4,0;616,7267320261437;46870;0,3594478800180337;0,7987421383647799;0,3286163522012578;0,6761904761904762;0,6209;Criciúma;SC;108;False
3543907;201418;9,0;7,0;605,8180185758514;41935;0,3380064284749481;0,7547169811320755;0,5251572327044025;0,4952380952380952;0,608;Rio Claro;SP;109;False
3518800;1291771;78,0;58,0;582,6198347107438;309323;0,2809177441432863;0,5880503144654088;0,9748427672955976;0,2666666666666666;0,6077;Guarulhos;SP;110;False
5107602;244911;11,0;7,0;611,6739716312056;64865;0,2865441799367586;0,60062893081761;0,6194968553459119;0,5904761904761905;0,6032;Rondonópolis;MT;111;False
3300704;222161;20,0;11,0;599,1069427402863;51937;0,2734259179978062;0,559748427672956;0,8380503144654088;0,419047619047619;0,601;Cabo Frio;RJ;112;False
1200401;364756;13,0;9,0;618,5492548076923;103032;0,2541472242051867;0,4654088050314465;0,6776729559748428;0,7047619047619048;0,6009;Rio Branco;AC;113;False
3511102;115791;9,0;8,0;612,3922325581394;23337;0,3001626480752819;0,6383647798742138;0,5251572327044025;0,6222222222222222;0,5996;Catanduva;SP;114;False
5211503;107970;8,0;4,0;617,6721126760564;25041;0,2952651862794209;0,6226415094339622;0,4685534591194968;0,6952380952380952;0,5982;Itumbiara;GO;115;False
3530706;153658;11,0;9,0;617,310289017341;32845;0,2609641532107857;0,5062893081761006;0,6194968553459119;0,692063492063492;0,596;Mogi Guaçu;SP;116;False
4307005;105705;2,0;2,0;622,9337037037037;21661;0,3871657717909981;0,8522012578616353;0,0660377358490566;0,7841269841269841;0,5959;Erechim;RS;117;False
4211900;222598;9,0;8,0;611,661220657277;52746;0,3114827637427185;0,6572327044025157;0,5251572327044025;0,5841269841269842;0,5957;Palhoça;SC;118;False
4109401;182093;15,0;10,0;608,1507011070112;46146;0,2672457346174942;0,5283018867924528;0,7468553459119497;0,5301587301587302;0,5944;Guarapuava;PR;119;False
3104007;111691;5,0;4,0;636,9344347826087;25430;0,2894639419224526;0,6132075471698113;0,2515723270440251;0,9015873015873016;0,5912;Araxá;MG;120;False
3503307;130866;7,0;5,0;613,8222365591398;27317;0,3180522525973231;0,6855345911949685;0,3993710691823899;0,6412698412698413;0,5864;Araras;SP;121;False
4119905;358371;14,0;10,0;595,1243;88908;0,3077174440260156;0,6540880503144654;0,7122641509433962;0,365079365079365;0,5848;Ponta Grossa;PR;122;False
4208906;182660;7,0;6,0;605,5478711484593;41565;0,3547293160482133;0,789308176100629;0,3993710691823899;0,4888888888888889;0,5822;Jaraguá do Sul;SC;123;False
3534708;103970;8,0;7,0;611,8305612244899;22838;0,3041190349700639;0,6477987421383647;0,4685534591194968;0,5968253968253968;0,5787;Ourinhos;SP;124;False
2408003;264577;17,0;14,0;605,6259544879899;61785;0,2575183385542818;0,4811320754716981;0,789308176100629;0,492063492063492;0,5769;Mossoró;RN;125;False
4209300;164981;6,0;5,0;612,3704918032787;38055;0,3336498349856003;0,7327044025157232;0,3286163522012578;0,6158730158730159;0,5764;Lages;SC;126;False
3536505;110537;6,0;5,0;591,5047395833333;25646;0,4929296388852447;0,940251572327044;0,3286163522012578;0,3365079365079365;0,5756;Paulínia;SP;127;False
1302603;2063689;57,0;40,0;600,2725170068027;585839;0,2365722324712817;0,3962264150943396;0,9559748427672956;0,4253968253968254;0,5729;Manaus;AM;128;False
3131703;113343;5,0;5,0;638,5347619047619;24716;0,2702563977774956;0,550314465408805;0,2515723270440251;0,923809523809524;0,5727;Itabira;MG;129;False
3105608;125317;4,0;4,0;637,9167741935483;24712;0,289808071933013;0,6163522012578616;0,1776729559748427;0,907936507936508;0,5722;Barbacena;MG;130;False
3504008;101409;8,0;7,0;604,5637664783427;21146;0,3263646468486767;0,720125786163522;0,4685534591194968;0,473015873015873;0,5705;Assis;SP;131;False
5205109;114427;10,0;7,0;598,5292547425474;26491;0,3184574599266022;0,6918238993710691;0,5738993710691824;0,4031746031746032;0,5699;Catalão;GO;132;False
3118304;131621;5,0;4,0;649,9804081632653;27985;0,2597740752371509;0,4968553459119497;0,2515723270440251;0,984126984126984;0,5695;Conselheiro Lafaiete;MG;133;False
4127700;150470;5,0;2,0;614,7120454545455;34356;0,335066102670256;0,7389937106918238;0,2515723270440251;0,6571428571428571;0,5682;Toledo;PR;134;False
3524402;240275;15,0;12,0;586,1987167449138;54011;0,2998739704163594;0,6352201257861635;0,7468553459119497;0,2952380952380952;0,5667;Jacareí;SP;135;False
3127701;257171;4,0;3,0;639,9894999999999;56119;0,276188540010339;0,5660377358490566;0,1776729559748427;0,9301587301587302;0,5588;Governador Valadares;MG;136;False
2611101;386791;13,0;10,0;618,6468524970963;110307;0,2235649102157339;0,3553459119496855;0,6776729559748428;0,707936507936508;0,5578;Petrolina;PE;137;False
3545209;134319;6,0;4,0;615,4985093167702;30406;0,3023421278588712;0,6446540880503144;0,3286163522012578;0,6698412698412698;0,5574;Salto;SP;138;False
5107958;106434;5,0;4,0;632,6919607843137;27901;0,2694768531748281;0,5408805031446541;0,2515723270440251;0,8825396825396825;0,5566;Tangará da Serra;MT;139;False
4128104;117095;9,0;8,0;602,1662878787879;26597;0,314403196011159;0,6666666666666666;0,5251572327044025;0,4380952380952381;0,5556;Umuarama;PR;140;False
2933307;370879;15,0;13,0;610,8670550724638;91170;0,236795072791;0,3993710691823899;0,7468553459119497;0,5714285714285714;0,5552;Vitória da Conquista;BA;141;False
1100205;460434;10,0;9,0;612,1691314031181;125247;0,2603681047972724;0,5;0,5738993710691824;0,6031746031746031;0,5531;Porto Velho;RO;142;False
3169901;103365;5,0;5,0;650,1067724867726;22576;0,2461627479396941;0,449685534591195;0,2515723270440251;0,9873015873015872;0,5515;Ubá;MG;143;False
3147907;111939;4,0;4,0;640,830303030303;24427;0,2699312541475759;0,5440251572327044;0,1776729559748427;0,9333333333333332;0,5509;Passos;MG;144;False
3505500;122485;8,0;7,0;607,852087087087;25793;0,2965581009168354;0,6257861635220126;0,4685534591194968;0,5238095238095238;0,548;Barretos;SP;145;False
3506508;118979;5,0;4,0;628,976062992126;25150;0,2644104950191133;0,5157232704402516;0,2515723270440251;0,8571428571428571;0,5389;Birigui;SP;146;False
2914802;186708;8,0;6,0;621,1329957805907;41498;0,2384025840011497;0,4119496855345912;0,4685534591194968;0,7587301587301587;0,533;Itabuna;BA;147;False
3168606;137418;5,0;4,0;643,0780116959064;31484;0,2423594270447592;0,4276729559748428;0,2515723270440251;0,9492063492063492;0,5313;Teófilo Otoni;MG;148;False
2609600;349976;15,0;12,0;596,9381941309255;77841;0,2528617879327138;0,4591194968553459;0,7468553459119497;0,3904761904761905;0,5248;Olinda;PE;149;False
1504208;266533;13,0;9,0;622,6606303030303;81839;0,195952170881204;0,2169811320754717;0,6776729559748428;0,7682539682539683;0,5206;Marabá;PA;150;False
2307304;286120;10,0;7,0;630,8691018998272;74039;0,1945742873927645;0,210691823899371;0,5738993710691824;0,873015873015873;0,5184;Juazeiro do Norte;CE;151;False
3302700;197277;11,0;10,0;583,5319686800894;42807;0,2943911925426716;0,6194968553459119;0,6194968553459119;0,2761904761904762;0,5165;Maricá;RJ;152;False
3522307;157790;12,0;10,0;596,7776393442623;36754;0,2640568029137194;0,5094339622641509;0,64937106918239;0,3873015873015873;0,5148;Itapetininga;SP;153;False
3304904;896744;54,0;28,0;599,8165003615329;180641;0,2072373501219281;0,2578616352201258;0,9449685534591196;0,4222222222222222;0,5133;São Gonçalo;RJ;154;False
4318705;217409;8,0;4,0;594,2096066252589;49591;0,3126769009999099;0,6635220125786163;0,4685534591194968;0,3492063492063492;0,5107;São Leopoldo;RS;155;False
3205002;520653;12,0;8,0;603,1377991452991;131650;0,2438874088782003;0,4371069182389937;0,64937106918239;0,4571428571428571;0,5068;Serra;ES;156;False
3552809;273542;13,0;12,0;581,6281078431373;63209;0,277174145115405;0,5723270440251572;0,6776729559748428;0,2476190476190476;0,5065;Taboão da Serra;SP;157;False
5107925;110635;6,0;4,0;602,8496774193549;32225;0,3174303089391941;0,6792452830188679;0,3286163522012578;0,4507936507936508;0,5055;Sorriso;MT;158;False
3103504;117808;6,0;6,0;612,3207076350094;25457;0,2728064196541089;0,5566037735849056;0,3286163522012578;0,6126984126984127;0,505;Araguari;MG;159;False
2604106;378048;19,0;15,0;602,5435143769967;95556;0,2152164251133665;0,3081761006289308;0,8238993710691824;0,4444444444444444;0,5038;Caruaru;PE;160;False
2700300;234696;20,0;15,0;608,9194881889763;63413;0,1981966259148477;0,220125786163522;0,8380503144654088;0,5428571428571428;0,5023;Arapiraca;AL;161;False
2903201;159734;6,0;6,0;630,6304964539008;43478;0,2240893741592252;0,3584905660377358;0,3286163522012578;0,8666666666666667;0,502;Barreiras;BA;162;False
3302205;101041;5,0;3,0;621,8255769230769;20707;0,2580656252116063;0,4842767295597484;0,2515723270440251;0,765079365079365;0,4987;Itaperuna;RJ;163;False
3513801;393237;20,0;14,0;584,8590499590499;87574;0,2335611337714943;0,389937106918239;0,8380503144654088;0,2920634920634921;0,495;Diadema;SP;164;False
1600303;442933;18,0;15,0;590,3629422382671;135885;0,2318562142888144;0,3773584905660377;0,809748427672956;0,326984126984127;0,492;Macapá;AP;165;False
3541000;349935;17,0;16,0;554,3617045454546;81590;0,2868392483501714;0,6037735849056604;0,789308176100629;0,0444444444444444;0,4916;Praia Grande;SP;166;False
2207702;162159;14,0;11,0;608,9778411053541;40262;0,2090730678151465;0,270440251572327;0,7122641509433962;0,5492063492063493;0,4866;Parnaíba;PI;167;False
3552403;279545;8,0;4,0;612,2523456790124;66027;0,2383333060065004;0,4088050314465409;0,4685534591194968;0,6063492063492063;0,486;Sumaré;SP;168;False
4125506;329628;11,0;10,0;582,6921872477803;81794;0,2700837063676498;0,5471698113207547;0,6194968553459119;0,2698412698412698;0,4857;São José dos Pinhais;PR;169;False
3538006;165428;10,0;8,0;598,5583464566929;38545;0,2569267858943579;0,4779874213836478;0,5738993710691824;0,4063492063492063;0,4853;Pindamonhangaba;SP;170;False
3300100;167434;16,0;13,0;586,8551578947369;40838;0,2374622053965825;0,4025157232704403;0,7720125786163522;0,3015873015873015;0,4831;Angra dos Reis;RJ;171;False
3300209;129671;11,0;10,0;604,6164642375169;29144;0,2331883057249066;0,3836477987421384;0,6194968553459119;0,4761904761904761;0,4822;Araruama;RJ;172;False
2105302;273110;15,0;9,0;596,7563988095238;73144;0,2232592106743619;0,3522012578616352;0,7468553459119497;0,3841269841269841;0,4802;Imperatriz;MA;173;False
3202405;124656;3,0;1,0;617,3081481481481;28831;0,2841327990324597;0,5943396226415094;0,1179245283018868;0,6888888888888889;0,4798;Guarapari;ES;174;False
3510500;134873;9,0;6,0;598,8944768856447;32656;0,2582327853509342;0,4874213836477987;0,5251572327044025;0,4126984126984127;0,4763;Caraguatatuba;SP;175;False
4313409;227646;5,0;3,0;579,5519047619048;47523;0,3717901009927689;0,8333333333333334;0,2515723270440251;0,219047619047619;0,4745;Novo Hamburgo;RS;176;False
5008305;132152;7,0;5,0;609,0897478991596;34088;0,2544577073090369;0,4685534591194968;0,3993710691823899;0,5523809523809524;0,4729;Três Lagoas;MS;177;False
3201209;185786;7,0;5,0;610,919755058573;41110;0,2439025026781499;0,440251572327044;0,3993710691823899;0,5746031746031746;0,4683;Cachoeiro de Itapemirim;ES;178;False
2607901;644037;26,0;21,0;579,6796610169492;154562;0,2217936607661141;0,3396226415094339;0,8789308176100629;0,2253968253968254;0,4671;Jaboatão dos Guararapes;PE;179;False
4202909;141385;4,0;3,0;603,2280246913581;32056;0,3182763041696779;0,6886792452830188;0,1776729559748427;0,4603174603174603;0,4669;Brusque;SC;180;False
5201405;527796;18,0;16,0;593,247024691358;133230;0,2120782735435042;0,2955974842767295;0,809748427672956;0,3428571428571428;0,464;Aparecida de Goiânia;GO;181;False
3134202;102217;5,0;4,0;607,149186351706;22141;0,2804142789111437;0,5849056603773585;0,2515723270440251;0,5142857142857142;0,4637;Ituiutaba;MG;182;False
1500800;478778;25,0;22,0;580,6680941869022;116590;0,2187987823647537;0,3270440251572327;0,8726415094339622;0,2349206349206349;0,4631;Ananindeua;PA;183;False
2905701;300372;17,0;9,0;590,7968503937008;77870;0,2125228697924243;0,2987421383647798;0,789308176100629;0,3301587301587301;0,4553;Camaçari;BA;184;False
3552502;307429;13,0;11,0;597,1569194312796;75888;0,2199308370816522;0,3333333333333333;0,6776729559748428;0,3936507936507936;0,4547;Suzano;SP;185;False
4119152;127019;7,0;4,0;567,7694848484848;28938;0,3317127945053828;0,7264150943396226;0,3993710691823899;0,1365079365079365;0,4513;Pinhais;PR;186;False
3143906;104108;2,0;2,0;620,3133583959899;22072;0,2643586681876125;0,5125786163522013;0,0660377358490566;0,7492063492063492;0,4496;Muriaé;MG;187;False
3519071;236641;10,0;6,0;593,1724144144144;55700;0,2387017953321364;0,4182389937106918;0,5738993710691824;0,3396825396825397;0,4414;Hortolândia;SP;188;False
4301602;117938;1,0;1,0;613,6168;26530;0,2873714415644089;0,6069182389937107;0,0220125786163522;0,638095238095238;0,4408;Bagé;RS;189;False
2802908;103440;6,0;5,0;641,3777551020409;25920;0,1874000196710774;0,1509433962264151;0,3286163522012578;0,9365079365079364;0,4399;Itabaiana;SE;190;False
4316808;133230;4,0;3,0;567,6579761904762;26434;0,3922399583584005;0,8647798742138365;0,1776729559748427;0,1333333333333333;0,4392;Santa Cruz do Sul;RS;191;False
3305208;104029;7,0;6,0;602,8114173228347;24554;0,2479167844471036;0,4528301886792453;0,3993710691823899;0,4476190476190476;0,4352;São Pedro da Aldeia;RJ;192;False
2931350;145216;8,0;4,0;611,8882508250825;38258;0,2099983045284622;0,279874213836478;0,4685534591194968;0,6;0,4325;Teixeira de Freitas;BA;193;False
2925303;168326;7,0;5,0;614,9117605633803;48481;0,2103229699972785;0,2830188679245283;0,3993710691823899;0,6603174603174603;0,4311;Porto Seguro;BA;194;False
3106705;411846;5,0;4,0;619,6071111111112;99817;0,2167498558268273;0,3113207547169811;0,2515723270440251;0,7365079365079366;0,421;Betim;MG;195;False
4315602;191900;7,0;6,0;578,3182590233546;42351;0,2819589146140273;0,5911949685534591;0,3993710691823899;0,2095238095238095;0,4191;Rio Grande;RS;196;False
2913606;178649;8,0;6,0;594,4783333333334;42464;0,2414061144960555;0,4245283018867924;0,4685534591194968;0,3555555555555555;0,417;Ilhéus;BA;197;False
2928703;103055;7,0;6,0;611,8011293260474;24024;0,210615700876024;0,2893081761006289;0,3993710691823899;0,5936507936507937;0,4136;Santo Antônio de Jesus;BA;198;False
3201506;120033;4,0;3,0;608,3587951807228;25500;0,2585055655296229;0,490566037735849;0,1776729559748427;0,5365079365079365;0,4105;Colatina;ES;199;False
3303500;785867;48,0;31,0;565,0654571634269;185097;0,2008498075185558;0,2295597484276729;0,9308176100628932;0,1142857142857142;0,4054;Nova Iguaçu;RJ;200;False
1502400;192256;12,0;11,0;601,5345440956652;51699;0,1933229137811006;0,2012578616352201;0,64937106918239;0,4317460317460317;0,4048;Castanhal;PA;201;False
4101408;130134;7,0;4,0;581,9323779193206;29667;0,2653578497504224;0,5188679245283019;0,3993710691823899;0,2507936507936508;0,4026;Apucarana;PR;202;False
2900702;151055;9,0;6,0;606,1228257191201;36332;0,2023629940004716;0,2358490566037736;0,5251572327044025;0,5015873015873016;0,4024;Alagoinhas;BA;203;False
3529401;418261;15,0;10,0;572,9159518259518;94435;0,2168739227603191;0,3144654088050314;0,7468553459119497;0,1746031746031746;0,4022;Mauá;SP;204;False
3551702;126887;6,0;6,0;584,2499659863945;29123;0,2691842828328384;0,5377358490566038;0,3286163522012578;0,2825396825396825;0,3984;Sertãozinho;SP;205;False
3543303;115559;7,0;7,0;581,9379047619046;23915;0,260922249318821;0,5031446540880503;0,3993710691823899;0,2539682539682539;0,3973;Ribeirão Pires;SP;206;False
2610707;342167;19,0;16,0;572,2487589743589;78837;0,2046190316911636;0,2484276729559748;0,8238993710691824;0,165079365079365;0,3961;Paulista;PE;207;False
2918001;158813;5,0;4,0;628,0114285714286;39567;0,1893258633777064;0,1698113207547169;0,2515723270440251;0,8412698412698413;0,3958;Jequié;BA;208;False
3554003;123942;9,0;7,0;584,2523970037454;28921;0,2330392056687328;0,3805031446540881;0,5251572327044025;0,2857142857142857;0,3955;Tatuí;SP;209;False
4101507;119138;7,0;5,0;579,5035374149659;27224;0,2659010748515804;0,5251572327044025;0,3993710691823899;0,2158730158730158;0,3946;Arapongas;PR;210;False
3545803;183347;5,0;4,0;594,27888;37487;0,2676363592999493;0,5314465408805031;0,2515723270440251;0,3523809523809524;0,3938;Santa Bárbara d'Oeste;SP;211;False
3551009;329911;15,0;10,0;556,2240025252524;73798;0,2297251758560889;0,3679245283018867;0,7468553459119497;0,0634920634920634;0,3903;São Vicente;SP;212;False
3301702;808161;42,0;21,0;570,8153317152103;194354;0,1883937812194073;0,160377358490566;0,9245283018867924;0,1555555555555555;0,3882;Duque de Caxias;RJ;213;False
4118204;145829;10,0;8,0;571,7326086956522;38006;0,238560604292755;0,4150943396226415;0,5738993710691824;0,1587301587301587;0,3858;Paranaguá;PR;214;False
1505536;267836;9,0;4,0;597,6601801801802;84963;0,2083882196180823;0,2672955974842767;0,5251572327044025;0,3968253968253968;0,3835;Parauapebas;PA;215;False
4303103;136258;4,0;1,0;582,8635897435897;30890;0,2875871032499056;0,610062893081761;0,1776729559748427;0,273015873015873;0,3792;Cachoeirinha;RS;216;False
4309209;265074;6,0;5,0;589,2554887218046;59394;0,2505236285647215;0,4559748427672956;0,3286163522012578;0,3206349206349206;0,3772;Gravataí;RS;217;False
2510808;103165;8,0;6,0;600,5918757467143;25651;0,2079553766421487;0,2641509433962264;0,4685534591194968;0,4285714285714285;0,3748;Patos;PB;218;False
3518701;287634;10,0;8,0;577,6191266375546;68790;0,2231426979778437;0,3490566037735849;0,5738993710691824;0,2;0,3718;Guarujá;SP;219;False
2910727;113710;3,0;3,0;619,1683489096573;30851;0,2118756204533669;0,2924528301886792;0,1179245283018868;0,726984126984127;0,3705;Eunápolis;BA;220;False
5221403;142431;4,0;2,0;618,9870769230769;37312;0,2070741990101037;0,2547169811320754;0,1776729559748427;0,7142857142857143;0,3695;Trindade;GO;221;False
3557006;127923;5,0;5,0;580,9587978142077;29654;0,2719083991926515;0,5534591194968553;0,2515723270440251;0,2412698412698412;0,3692;Votorantim;SP;222;False
3510609;386984;10,0;7,0;580,3833821138212;94078;0,2173021517383317;0,3176100628930817;0,5738993710691824;0,2317460317460317;0,3687;Carapicuíba;SP;223;False
2919553;107909;5,0;4,0;596,2441580756014;32888;0,2425666469562984;0,4339622641509434;0,2515723270440251;0,3746031746031746;0,3614;Luís Eduardo Magalhães;BA;224;False
2101400;101767;8,0;5,0;607,2756732891833;31668;0,1888287997625272;0,1635220125786163;0,4685534591194968;0,5174603174603175;0,3612;Balsas;MA;225;False
3204906;123752;4,0;4,0;608,9433015873016;30766;0,222395470891589;0,3459119496855345;0,1776729559748427;0,546031746031746;0,3555;São Mateus;ES;226;False
3301900;224267;14,0;10,0;583,7622442244224;51619;0,1842851716361381;0,1383647798742138;0,7122641509433962;0,2793650793650793;0,3528;Itaboraí;RJ;227;False
1503606;123314;3,0;2,0;634,4523287671234;38282;0,1777891077055775;0,1226415094339622;0,1179245283018868;0,8888888888888888;0,3511;Itaituba;PA;228;False
3525003;118045;7,0;4,0;568,1248867313917;28381;0,2533598093320708;0,4622641509433962;0,3993710691823899;0,1396825396825396;0,3466;Jandira;SP;229;False
3303203;146774;13,0;8,0;559,5299710144927;29727;0,2103986767314458;0,2861635220125786;0,6776729559748428;0,0888888888888888;0,3444;Nilópolis;RJ;230;False
2111201;244579;6,0;4,0;607,0908496732027;66377;0,1997780756399121;0,2232704402515723;0,3286163522012578;0,5111111111111111;0,3412;São José de Ribamar;MA;231;False
3302502;228127;9,0;5,0;603,3932258064517;56080;0,1757127590234007;0,110062893081761;0,5251572327044025;0,4634920634920635;0,3406;Magé;RJ;232;False
5108402;300078;10,0;6,0;567,4338118022329;82504;0,2175351273975552;0,320754716981132;0,5738993710691824;0,1301587301587301;0,3395;Várzea Grande;MT;233;False
3203205;166786;5,0;4,0;598,8045569620252;42916;0,2220486368678457;0,3427672955974842;0,2515723270440251;0,4095238095238095;0,3354;Linhares;ES;234;False
3171204;129246;2,0;2,0;623,2150303030303;32410;0,1930038332916952;0,1949685534591195;0,0660377358490566;0,7873015873015873;0,334;Vespasiano;MG;235;False
1506807;331942;3,0;3,0;619,6582608695652;102208;0,1927488991013783;0,1886792452830188;0,1179245283018868;0,7396825396825397;0,3328;Santarém;PA;236;False
2603454;147771;9,0;8,0;576,6790322580645;34264;0,2095824563815611;0,2735849056603773;0,5251572327044025;0,1904761904761904;0,3241;Camaragibe;PE;237;False
1400100;413486;6,0;6,0;574,4040778341794;129162;0,2357910617418171;0,3930817610062893;0,3286163522012578;0,1873015873015873;0,312;Boa Vista;RR;238;False
4322400;117210;2,0;1,0;596,4327272727273;29332;0,2458759460504284;0,4465408805031446;0,0660377358490566;0,3777777777777777;0,3118;Uruguaiana;RS;239;False
2803500;101579;1,0;1,0;630,867;25417;0,1737290963391315;0,0943396226415094;0,0220125786163522;0,8698412698412699;0,3053;Lagarto;SE;240;False
1702109;171301;6,0;4,0;573,1684175084175;47749;0,2316193830823832;0,3742138364779874;0,3286163522012578;0,1809523809523809;0,3026;Araguaína;TO;241;False
3201308;353491;7,0;6,0;595,603849372385;87968;0,19115189145;0,1792452830188679;0,3993710691823899;0,3682539682539683;0,302;Cariacica;ES;242;False
3145208;105552;3,0;2,0;617,9297777777779;28814;0,1844158584639748;0,1415094339622641;0,1179245283018868;0,6984126984126984;0,3015;Nova Serrana;MG;243;False
4104204;136327;4,0;2,0;580,224358974359;32015;0,2446212118365746;0,4433962264150943;0,1776729559748427;0,2285714285714285;0,2992;Campo Largo;PR;244;False
5212501;209129;11,0;2,0;569,295238095238;59296;0,1889965544858597;0,1666666666666666;0,6194968553459119;0,1492063492063492;0,2973;Luziânia;GO;245;False
5221858;198861;9,0;8,0;555,0921893491123;54811;0,2137639236014131;0,3018867924528302;0,5251572327044025;0,0571428571428571;0,2954;Valparaíso de Goiás;GO;246;False
3305109;440962;16,0;10,0;559,1347261345853;100123;0,1718556990879673;0,0817610062893081;0,7720125786163522;0,0793650793650793;0,2881;São João de Meriti;RJ;247;False
5208004;115901;4,0;4,0;576,9980952380953;30234;0,242547070611053;0,4308176100628931;0,1776729559748427;0,1968253968253968;0,2847;Formosa;GO;248;False
3523107;369275;8,0;5,0;596,1206837606837;99473;0,1684283621724188;0,0754716981132075;0,4685534591194968;0,3714285714285714;0,2822;Itaquaquecetuba;SP;249;False
3516408;144849;5,0;2,0;596,7123809523811;35262;0,2004983423904382;0,2264150943396226;0,2515723270440251;0,3809523809523809;0,2803;Franco da Rocha;SP;250;False
4203204;103074;4,0;3,0;576,9227450980391;25561;0,2401836515697268;0,4213836477987421;0,1776729559748427;0,1936507936507936;0,28;Camboriú;SC;251;False
3300407;169894;3,0;2,0;586,7216013071895;35711;0,2333488421688834;0,3867924528301887;0,1179245283018868;0,2984126984126984;0,2796;Barra Mansa;RJ;252;False
4105805;232212;5,0;2,0;587,9144444444444;58507;0,2075035481184577;0,2610062893081761;0,2515723270440251;0,3079365079365079;0,2723;Colombo;PR;253;False
2312908;203023;4,0;3,0;603,7141573033707;50452;0,1928676495183718;0,1918238993710692;0,1776729559748427;0,4698412698412698;0,271;Sobral;CE;254;False
3522208;158522;7,0;5,0;580,9410430839002;40429;0,1932104330072539;0,1981132075471698;0,3993710691823899;0,238095238095238;0,2705;Itapecerica da Serra;SP;255;False
4323002;224112;5,0;3,0;564,046858974359;52819;0,2378666548403182;0,4056603773584906;0,2515723270440251;0,1079365079365079;0,2701;Viamão;RS;256;False
3522109;112476;5,0;2,0;571,9781666666667;26579;0,2268545137921888;0,3647798742138364;0,2515723270440251;0,1619047619047619;0,27;Itanhaém;SP;257;False
4101804;151666;5,0;4,0;578,1888397790054;38903;0,2193358722479253;0,330188679245283;0,2515723270440251;0,2031746031746031;0,2685;Araucária;PR;258;False
4103701;107208;1,0;1,0;578,281768707483;23815;0,2588298369651461;0,4937106918238994;0,0220125786163522;0,2063492063492063;0,266;Cambé;PR;259;False
3157807;219132;5,0;5,0;587,948245614035;51665;0,2032376932527446;0,2421383647798742;0,2515723270440251;0,3111111111111111;0,2657;Santa Luzia;MG;260;False
5200258;225693;13,0;5,0;563,9878666666667;69034;0,1675067053837442;0,0691823899371069;0,6776729559748428;0,1047619047619047;0,2624;Águas Lindas de Goiás;GO;261;False
2616407;134084;7,0;6,0;589,0835646258503;32753;0,1765381977974416;0,1163522012578616;0,3993710691823899;0,3174603174603174;0,2616;Vitória de Santo Antão;PE;262;False
1502103;134184;1,0;1,0;626,2570491803278;43870;0,155418449892145;0,0094339622641509;0,0220125786163522;0,8222222222222222;0,257;Cametá;PA;263;False
3154606;329794;1,0;1,0;613,3495238095238;81426;0,1745187230612536;0,1069182389937107;0,0220125786163522;0,6349206349206349;0,2398;Ribeirão das Neves;MG;264;False
3302007;116841;8,0;4,0;559,2639047619047;29406;0,1925385639858302;0,1855345911949685;0,4685534591194968;0,0825396825396825;0,2395;Itaguaí;RJ;265;False
2602902;203440;8,0;5,0;568,838484848485;51604;0,179993270461686;0,1320754716981132;0,4685534591194968;0,146031746031746;0,2372;Cabo de Santo Agostinho;PE;266;False
1501303;126650;8,0;5,0;573,7652564102565;38788;0,1739569406333262;0,10062893081761;0,4685534591194968;0,1841269841269841;0,2361;Barcarena;PA;267;False
2606002;142506;3,0;3,0;591,3617094017094;37538;0,2056471618036272;0,2515723270440251;0,1179245283018868;0,3333333333333333;0,236;Garanhuns;PE;268;False
2306405;131123;2,0;1,0;616,432;37301;0,160296424973469;0,0314465408805031;0,0660377358490566;0,6730158730158731;0,2343;Itapipoca;CE;269;False
2918407;237821;4,0;4,0;589,9670114942528;68289;0,1942988752022932;0,2075471698113207;0,1776729559748427;0,3238095238095238;0,2335;Juazeiro;BA;270;False
3119401;104736;1,0;1,0;587,765;23471;0,2199731778709767;0,3364779874213836;0,0220125786163522;0,3047619047619048;0,2326;Coronel Fabriciano;MG;271;False
3300456;483087;11,0;5,0;552,2823595505619;117059;0,1656962671450047;0,0628930817610062;0,6194968553459119;0,0412698412698412;0,2234;Belford Roxo;RJ;272;False
3156700;129380;2,0;2,0;572,5783333333334;29278;0,2306168944690794;0,3710691823899371;0,0660377358490566;0,1714285714285714;0,2197;Sabará;MG;273;False
2804805;192330;6,0;4,0;593,6542268041237;54584;0,1583392010101012;0,0251572327044025;0,3286163522012578;0,346031746031746;0,2125;Nossa Senhora do Socorro;SE;274;False
1500107;158188;5,0;4,0;594,6510344827586;46262;0,1633751192470455;0,0471698113207547;0,2515723270440251;0,3587301587301587;0,202;Abaetetuba;PA;275;False
1500602;126279;5,0;5,0;560,304923076923;38668;0,202658052186277;0,2389937106918239;0,2515723270440251;0,0984126984126984;0,2006;Altamira;PA;276;False
2304202;131050;2,0;1,0;582,35;33450;0,2041415451664238;0,2452830188679245;0,0660377358490566;0,2634920634920635;0,197;Crato;CE;277;False
3513504;112476;6,0;3,0;560,0856818181818;27764;0,1898151164844908;0,1729559748427672;0,3286163522012578;0,0952380952380952;0,1963;Cubatão;SP;278;False
3304144;140523;7,0;5,0;572,3688050314465;35053;0,1648469724302071;0,0597484276729559;0,3993710691823899;0,1682539682539682;0,1942;Queimados;RJ;279;False
3302858;167127;6,0;2,0;559,6789019607843;37544;0,1876111332780668;0,1540880503144654;0,3286163522012578;0,092063492063492;0,1878;Mesquita;RJ;280;False
3515004;250691;7,0;3,0;550,3981132075471;63629;0,1851671341384738;0,1446540880503144;0,3993710691823899;0,0317460317460317;0,1872;Embu das Artes;SP;281;False
2924009;112870;2,0;2,0;588,7178277153557;29258;0,1904420519091404;0,1761006289308176;0,0660377358490566;0,3142857142857143;0,1845;Paulo Afonso;BA;282;False
1100122;124333;4,0;2,0;549,6375;32347;0,2144145408971021;0,3050314465408805;0,1776729559748427;0,0285714285714285;0,1839;Ji-Paraná;RO;283;False
3539806;103765;3,0;1,0;565,24375;24291;0,2098655271026712;0,2767295597484276;0,1179245283018868;0,1174603174603174;0,1813;Poá;SP;284;False
2100055;106550;6,0;4,0;568,3632850241546;31559;0,1734170101618677;0,0911949685534591;0,3286163522012578;0,1428571428571428;0,1779;Açailândia;MA;285;False
1505502;105550;7,0;4,0;559,0763247863249;32893;0,1726777147118825;0,0849056603773584;0,3993710691823899;0,0761904761904762;0,1766;Paragominas;PA;286;False
2112209;174465;6,0;4,0;567,3648148148147;49698;0,1729225245798807;0,0880503144654088;0,3286163522012578;0,1269841269841269;0,1719;Timon;MA;287;False
2930709;114559;5,0;2,0;582,2830769230769;30150;0,1614334062780055;0,0377358490566037;0,2515723270440251;0,2603174603174603;0,1687;Simões Filho;BA;288;False
3522505;232297;4,0;3,0;579,2838562091504;61603;0,179409210905144;0,1257861635220125;0,1776729559748427;0,2126984126984127;0,1674;Itapevi;SP;289;False
4320008;132107;2,0;2,0;551,057037037037;30117;0,218696996137565;0,3238993710691824;0,0660377358490566;0,0349206349206349;0,1598;Sapucaia do Sul;RS;290;False
2307650;234509;6,0;4,0;565,9473015873016;60524;0,1638687156107754;0,0534591194968553;0,3286163522012578;0,1206349206349206;0,1562;Maracanaú;CE;291;False
5220454;155635;3,0;2,0;558,035625;44458;0,2014309008732588;0,2327044025157232;0,1179245283018868;0,0698412698412698;0,1494;Senador Canedo;GO;292;False
2513703;149910;8,0;6,0;533,8611027568923;41074;0,1536891072547695;0,0031446540880503;0,4685534591194968;0,0095238095238095;0,1447;Santa Rita;PB;293;False
4300604;187315;2,0;2,0;563,8156666666667;46854;0,1934596039540375;0,2044025157232704;0,0660377358490566;0,1015873015873015;0,132;Alvorada;RS;294;False
2303709;355679;5,0;5,0;554,4785321100917;93336;0,1738409314876204;0,0974842767295597;0,2515723270440251;0,0476190476190476;0,1288;Caucaia;CE;295;False
3515707;179198;4,0;4,0;558,6647878787879;45226;0,1775021537554739;0,1194968553459119;0,1776729559748427;0,073015873015873;0,123;Ferraz de Vasconcelos;SP;296;False
2307700;105093;4,0;4,0;573,1291039426524;26123;0,1618771347617963;0,040880503144654;0,1776729559748427;0,1777777777777777;0,123;Maranguape;CE;297;False
1501709;123082;4,0;4,0;567,3120430107526;37717;0,1676364759682201;0,0723270440251572;0,1776729559748427;0,1238095238095238;0,1194;Bragança;PA;298;False
1600600;107618;3,0;2,0;564,8351724137931;34339;0,1761389029427417;0,1132075471698113;0,1179245283018868;0,1111111111111111;0,114;Santana;AP;299;False
4119509;118730;1,0;1,0;555,312;31670;0,1958418282342763;0,2138364779874214;0,0220125786163522;0,0603174603174603;0,1102;Piraquara;PR;300;False
1301902;103598;2,0;1,0;581,2600000000001;35197;0,1609404363610433;0,0345911949685534;0,0660377358490566;0,2444444444444444;0,107;Itacoatiara;AM;301;False
2103000;156973;4,0;4,0;552,1724999999999;45452;0,1741018338678671;0,1037735849056603;0,1776729559748427;0,0380952380952381;0,1062;Caxias;MA;302;False
5217609;105031;1,0;1,0;582,2525;30320;0,163583452745816;0,050314465408805;0,0220125786163522;0,2571428571428571;0,1039;Planaltina;GO;303;False
3556503;115771;1,0;1,0;554,6444444444445;27153;0,1916182645043337;0,1823899371069182;0,0220125786163522;0,0539682539682539;0,0958;Várzea Paulista;SP;304;False
2107506;145643;3,0;2,0;545,1970967741936;39656;0,179620883675009;0,1289308176100629;0,1179245283018868;0,0158730158730158;0,0917;Paço do Lumiar;MA;305;False
4107652;148873;1,0;1,0;557,6872727272727;42734;0,1876953071730354;0,1572327044025157;0,0220125786163522;0,0666666666666666;0,0895;Fazenda Rio Grande;PR;306;False
4100400;119825;2,0;0,0;;32885;0,1861853144724734;0,1477987421383647;0,0660377358490566;0,0031746031746031;0,0799;Almirante Tamandaré;PR;307;False
2606804;115196;3,0;3,0;554,5011522633746;29603;0,166566478990587;0,0660377358490566;0,1179245283018868;0,0507936507936507;0,077;Igarassu;PE;308;False
2101202;103711;3,0;3,0;548,540412979351;29979;0,1706708645782748;0,0786163522012578;0,1179245283018868;0,0253968253968253;0,0744;Bacabal;MA;309;False
2103307;114275;2,0;2,0;569,5992248062015;35479;0,1578053677592069;0,0220125786163522;0,0660377358490566;0,1523809523809524;0,0743;Codó;MA;310;False
4126256;118455;1,0;1,0;545,3975;30067;0,1837630742568407;0,1352201257861635;0,0220125786163522;0,019047619047619;0,0664;Sarandi;PR;311;False
2613701;111249;3,0;2,0;530,5401481481482;27731;0,1639658754822474;0,0566037735849056;0,1179245283018868;0,0063492063492063;0,0599;São Lourenço da Mata;PE;312;False
3516309;165139;2,0;1,0;559,4133333333333;44365;0,156738103673602;0,0125786163522012;0,0660377358490566;0,0857142857142857;0,0506;Francisco Morato;SP;313;False
5215231;103804;3,0;1,0;547,8;30333;0,1577898883139225;0,0188679245283018;0,1179245283018868;0,0222222222222222;0,0496;Novo Gama;GO;314;False
1501808;106968;3,0;0,0;;42361;0,1573460601548365;0,0157232704402515;0,1179245283018868;0,0031746031746031;0,0426;Breves;PA;315;False
2412005;115838;2,0;0,0;;30467;0,1599889844614525;0,0283018867924528;0,0660377358490566;0,0031746031746031;0,0321;São Gonçalo do Amarante;RN;316;False
1504422;111785;1,0;1,0;530,4925;30766;0,1629457536712809;0,0440251572327044;0,0220125786163522;0,0031746031746031;0,0252;Marituba;PA;317;False
1302504;101883;1,0;1,0;538,1220000000001;35812;0,1548468282699539;0,0062893081761006;0,0220125786163522;0,0126984126984126;0,0129;Manacapuru;AM;318;False
