cidade;granularidade;regiao;qtd_escolas_confiaveis;qtd_participantes_enem;enem_ponderado;qtd_escolas_elegiveis;amostra_significativa;rank_enem_na_cidade;rank_volume_na_cidade;qtd_golden_leads
Rio de Janeiro;regiao_administrativa;II Centro;3;187;701,9;4;True;1,0;23,0;2
Rio de Janeiro;regiao_administrativa;VI Lagoa;9;474;662,3;10;True;2,0;15,0;5
Rio de Janeiro;regiao_administrativa;IV Botafogo;24;944;645,8;32;True;3,0;4,0;14
Rio de Janeiro;regiao_administrativa;XXIV Barra da Tijuca;54;2168;643,5;73;True;4,0;1,0;26
Rio de Janeiro;regiao_administrativa;VIII Tijuca;13;952;634,3;23;True;5,0;8,0;7
Rio de Janeiro;regiao_administrativa;V Copacabana;5;129;621,6;7;True;6,0;16,0;1
Rio de Janeiro;regiao_administrativa;IX Vila Isabel;11;409;620,0;16;True;7,0;10,0;3
Rio de Janeiro;regiao_administrativa;XXIII Santa Teresa;1;25;613,8;1;False;8,0;24,0;0
Rio de Janeiro;regiao_administrativa;XX Ilha do Governador;18;469;611,5;25;True;9,0;7,0;5
Rio de Janeiro;regiao_administrativa;XVI Jacarepaguá;43;1885;608,3;65;True;10,0;2,0;10
Rio de Janeiro;regiao_administrativa;XIII Méier;19;650;589,9;30;True;11,0;5,0;3
Rio de Janeiro;regiao_administrativa;VII São Cristóvão;2;197;583,4;5;False;12,0;20,0;0
Rio de Janeiro;regiao_administrativa;XV Madureira;18;722;582,7;26;True;13,0;6,0;3
Rio de Janeiro;regiao_administrativa;XIV Irajá;15;541;574,4;18;True;14,0;9,0;0
Rio de Janeiro;regiao_administrativa;X Ramos;11;363;572,3;16;True;15,0;10,0;2
Rio de Janeiro;regiao_administrativa;XVIII Campo Grande;26;975;564,3;39;True;16,0;3,0;2
Rio de Janeiro;regiao_administrativa;XI Penha;2;44;561,2;5;False;17,0;20,0;0
Rio de Janeiro;regiao_administrativa;XVII Bangu;11;390;559,2;16;True;18,0;10,0;0
Rio de Janeiro;regiao_administrativa;XXVI Guaratiba;4;100;554,6;7;True;19,0;16,0;0
Rio de Janeiro;regiao_administrativa;XIX Santa Cruz;9;253;549,1;14;True;20,0;13,0;0
Rio de Janeiro;regiao_administrativa;XXXIII Realengo;10;291;546,4;12;True;21,0;14,0;0
Rio de Janeiro;regiao_administrativa;XXXI Vigário Geral;2;32;543,4;7;False;22,0;16,0;0
Rio de Janeiro;regiao_administrativa;XXII Anchieta;2;84;540,7;6;False;23,0;19,0;0
Rio de Janeiro;regiao_administrativa;XII Inhaúma;2;23;537,6;5;False;24,0;20,0;0
São Paulo;distrito;Vila Mariana;8;1044;701,8;9;True;1,0;22,0;6
São Paulo;distrito;Moema;8;351;679,0;10;True;2,0;14,0;3
São Paulo;distrito;Jardim Paulista;2;237;677,9;6;False;3,0;42,0;1
São Paulo;distrito;Bela Vista;2;255;671,5;2;False;4,0;76,0;2
São Paulo;distrito;Rio Pequeno;4;234;670,5;6;True;5,0;42,0;2
São Paulo;distrito;Campo Belo;5;115;668,6;7;True;6,0;33,0;2
São Paulo;distrito;Morumbi;2;87;667,8;5;False;7,0;52,0;1
São Paulo;distrito;Vila Andrade;3;136;662,9;7;True;8,0;33,0;2
São Paulo;distrito;Alto de Pinheiros;1;10;657,1;1;False;9,0;85,0;1
São Paulo;distrito;Barra Funda;3;212;643,3;5;True;10,0;52,0;1
São Paulo;distrito;Perdizes;6;234;638,1;9;True;11,0;22,0;1
São Paulo;distrito;Pinheiros;3;120;635,5;7;True;12,0;33,0;2
São Paulo;distrito;Butantã;11;426;635,3;11;True;13,0;11,0;2
São Paulo;distrito;Itaim Bibi;5;180;631,4;10;True;14,0;14,0;2
São Paulo;distrito;Vila Sônia;7;250;623,6;8;True;15,0;29,0;2
São Paulo;distrito;Campo Grande;5;208;623,2;6;True;16,0;42,0;2
São Paulo;distrito;Tremembé;3;104;617,6;4;True;17,0;60,0;1
São Paulo;distrito;Consolação;2;100;617,5;3;False;18,0;69,0;0
São Paulo;distrito;Saúde;6;257;614,0;7;True;19,0;33,0;2
São Paulo;distrito;Santana;9;448;612,7;10;True;20,0;14,0;2
São Paulo;distrito;Liberdade;4;433;608,4;5;True;21,0;52,0;0
São Paulo;distrito;Vila Formosa;6;217;608,3;10;True;22,0;14,0;1
São Paulo;distrito;Raposo Tavares;2;46;605,3;2;False;23,0;76,0;0
São Paulo;distrito;Mandaqui;5;239;604,9;7;True;24,0;33,0;1
São Paulo;distrito;Cursino;3;78;600,4;5;True;25,0;52,0;0
São Paulo;distrito;Tatuapé;9;454;600,4;14;True;25,0;4,0;0
São Paulo;distrito;Ermelino Matarazzo;8;353;600,3;9;True;27,0;22,0;1
São Paulo;distrito;São Lucas;3;77;600,3;6;True;27,0;42,0;1
São Paulo;distrito;Mooca;5;134;598,4;9;True;29,0;22,0;0
São Paulo;distrito;Vila Jacuí;2;160;598,3;2;False;30,0;76,0;0
São Paulo;distrito;Santa Cecília;3;74;596,2;4;True;31,0;60,0;1
São Paulo;distrito;Jaraguá;5;285;595,1;6;True;32,0;42,0;0
São Paulo;distrito;Vila Guilherme;2;93;594,9;2;False;33,0;76,0;0
São Paulo;distrito;Água Rasa;4;123;593,9;9;True;34,0;22,0;0
São Paulo;distrito;Itaim Paulista;4;97;593,7;6;True;35,0;42,0;0
São Paulo;distrito;Ipiranga;4;217;592,6;10;True;36,0;14,0;1
São Paulo;distrito;Socorro;3;74;590,0;5;True;37,0;52,0;0
São Paulo;distrito;Cambuci;5;191;589,6;7;True;38,0;33,0;0
São Paulo;distrito;Cidade Ademar;4;141;589,2;5;True;39,0;52,0;0
São Paulo;distrito;Santo Amaro;16;1200;588,1;23;True;40,0;1,0;4
São Paulo;distrito;Limão;5;147;587,4;6;True;41,0;42,0;0
São Paulo;distrito;Cidade Dutra;10;351;587,1;13;True;42,0;6,0;0
São Paulo;distrito;Jaguaré;1;19;584,9;1;False;43,0;85,0;0
São Paulo;distrito;Carrão;6;175;584,5;10;True;44,0;14,0;0
São Paulo;distrito;Jabaquara;9;338;583,6;12;True;45,0;8,0;1
São Paulo;distrito;Pirituba;9;240;583,0;10;True;46,0;14,0;1
São Paulo;distrito;Freguesia do Ó;9;236;580,1;12;True;47,0;8,0;0
São Paulo;distrito;Tucuruvi;11;303;578,9;14;True;48,0;4,0;0
São Paulo;distrito;Capão Redondo;6;405;578,0;8;True;49,0;29,0;1
São Paulo;distrito;Casa Verde;6;144;577,5;10;True;50,0;14,0;0
São Paulo;distrito;Vila Leopoldina;3;204;576,7;4;True;51,0;60,0;0
São Paulo;distrito;Penha;12;377;576,5;13;True;52,0;6,0;1
São Paulo;distrito;Vila Matilde;5;168;575,7;9;True;53,0;22,0;0
São Paulo;distrito;Cidade Lider;3;64;575,6;4;True;54,0;60,0;0
São Paulo;distrito;Sapopemba;2;70;575,6;2;False;54,0;76,0;0
São Paulo;distrito;Aricanduva;4;89;575,2;7;True;56,0;33,0;0
São Paulo;distrito;Pedreira;5;130;575,1;5;True;57,0;52,0;0
São Paulo;distrito;Lapa;10;477;574,0;15;True;58,0;3,0;1
São Paulo;distrito;Vila Medeiros;6;143;570,9;8;True;59,0;29,0;0
São Paulo;distrito;São Mateus;9;227;570,0;11;True;60,0;11,0;0
São Paulo;distrito;Pari;3;94;569,5;3;True;61,0;69,0;0
São Paulo;distrito;Artur Alvim;6;249;568,7;7;True;62,0;33,0;0
São Paulo;distrito;Itaquera;11;273;568,5;12;True;63,0;8,0;1
São Paulo;distrito;Cangaiba;3;77;568,1;3;True;64,0;69,0;0
São Paulo;distrito;Sacomã;10;224;565,9;11;True;65,0;11,0;0
São Paulo;distrito;Belém;2;79;563,3;2;False;66,0;76,0;0
São Paulo;distrito;São Miguel;12;363;562,7;18;True;67,0;2,0;0
São Paulo;distrito;Parelheiros;1;28;561,3;1;False;68,0;85,0;0
São Paulo;distrito;Vila Curuçá;2;23;560,8;3;False;69,0;69,0;0
São Paulo;distrito;Lajeado;1;53;560,4;1;False;70,0;85,0;0
São Paulo;distrito;Campo Limpo;8;298;559,3;8;True;71,0;29,0;0
São Paulo;distrito;Sé;1;91;558,0;2;False;72,0;76,0;0
São Paulo;distrito;Bom Retiro;2;40;557,8;6;False;73,0;42,0;0
São Paulo;distrito;Ponte Rasa;3;77;556,7;5;True;74,0;52,0;0
São Paulo;distrito;Vila Maria;6;163;556,1;7;True;75,0;33,0;0
São Paulo;distrito;Vila Prudente;3;86;556,1;4;True;75,0;60,0;0
São Paulo;distrito;São Rafael;3;77;554,9;4;True;77,0;60,0;0
São Paulo;distrito;Guaianases;2;90;552,8;2;False;78,0;76,0;0
São Paulo;distrito;Jardim Ângela;1;16;551,8;4;False;79,0;60,0;0
São Paulo;distrito;Cachoeirinha;6;176;551,5;6;True;80,0;42,0;0
São Paulo;distrito;Jaçanã;7;224;551,4;9;True;81,0;22,0;0
São Paulo;distrito;Grajaú;3;58;545,5;6;True;82,0;42,0;0
São Paulo;distrito;Iguatemi;2;25;544,9;4;False;83,0;60,0;0
São Paulo;distrito;Anhanguera;1;27;539,7;2;False;84,0;76,0;0
São Paulo;distrito;Parque do Carmo;3;67;539,0;3;True;85,0;69,0;0
São Paulo;distrito;Brasilândia;1;17;534,2;3;False;86,0;69,0;0
São Paulo;distrito;Jardim São Luís;2;50;528,8;3;False;87,0;69,0;0
São Paulo;distrito;Cidade Tiradentes;2;38;512,3;4;False;88,0;60,0;0
