codigo_escola;NO_ENTIDADE;cidade;snippets
33066671;COLEGIO MARIA RAYTHE - ASSOCIACAO FRANCISCANA NOSSA SENHORA DO AMPARO;Rio de Janeiro;Enem 2025: veja as escolas com maiores notas na Zona ... — ... Rio de Janeiro. GUIA DE ESCOLAS: A nota de cada escola corresponde à ... Colégio Maria Raythe - Associação Franciscana Nossa Senhora do Amparo ... | Enem 2025: saiba as escolas com as maiores notas da ... — Colégio Maria Raythe - Associação Franciscana Nossa Senhora do Amparo ... SEI - Sistema de Ensino Interativo - 627,53 - Tijuca - Particular - 316% ... | Escolas em Rio de Janeiro - RJ - BuscaEscola — INSTITUTO FEDERAL DE EDUCACAO CIENCIA E TECNOLOGIA DO RIO DE JANEIRO CAMPUS RIO DE JANEIRO ... JGFLORENCIO SISTEMA DE ENSINO EIRELI - CENTRO EDUCACIONAL SILVA ...
32074964;COLEGIO SALESIANO JARDIM CAMBURI;Vitória;"Colégio Salesiano Jardim Camburi — (27)3395-3000; (27)3395-3033; (27)98115-1431 (WhatsApp). secretariacsjc@salesiano.br ariela.macedo@salesiano.br. Endereço. Colégio Salesiano Jardim Camburi ... | Professores do Colégio Salesiano Jardim Camburi ... — Professores do Colégio Salesiano Jardim Camburi avaliam novo material didático da Edebê ... Vitória/ES, participaram da primeira reunião ... | Educação — Com a ajuda de aplicativos, filtros e muita imaginação, professor do Colégio Salesiano Jardim Camburi, em Vitória, ES, cria personagens que interagem durante as ..."
31004138;COLEGIO ARNALDO - UNIDADE ANCHIETA;Belo Horizonte;Colégio Arnaldo — Nosso material didático é adaptado ao PISM, assegurando excelência acadêmica em um ambiente acolhedor. ... Logo Colégio Arnaldo Unidade Anchieta · Rede ... | Nova Lima/MG 🏫 Rede Batista de Educação 📚 Requisitos ... — ... Belo Horizonte/MG Publicada em 23 de junho de 2026 Inscrições ... O Sistema de Ensino Aprendiz está com vaga aberta para Professor(a) ... | Cada conquista carrega uma história de dedicação, sonhos e ... — ... Sistema de Ensino (31) 3611-6084 (31) 98666-5266 colegiocoeducar ... Belo Horizonte, se destacaram no ranking estadual, reafirmando a ...
35103718;RIO BRANCO UNIDADE HIGIENOPOLIS COLEGIO;São Paulo;Alunos Premiados de Escolas Privadas - OBMEP 2017 — RIO BRANCO UNIDADE HIGIENOPOLIS COLEGIO, P, SÃO PAULO, SP, Bronze. FELIPE ... ARQUIDIOCESANO DE SAO PAULO COLEGIO MARISTA, P, SÃO PAULO, SP, Bronze. Nível 3. | 2014 — São Paulo, SP, 62, 623,17, 628,75, 590,38, 664,54, 637,74, 626,71, 628,92. Politecnico de Sorocaba ... CNEC - Sistema de Ensino. ©2011-2026 Sistema de Ensino ... | Lista de Escolas por Estado e Cidade | PDF | Rio de Janeiro — RIO BRANCO UNIDADE HIGIENOPOLIS COLEGIO 307928 65 São Paulo SP COLEGIO ... SISTEMA DE ENSINO FUNDAMENATAL MEDIO E SUPERIOR LTDA-CD 57 João Pessoa PB
21009902;CENTRO EDUCACIONAL MONTESSORIANO REINO INFANTIL;São Luís;ocupamos 10 vezes o 1º lugar no Ranking ENEM nas ... — ... São Luís. CRITÉRIO: Média das 5 notas do ENEM: CN + CH + Linguagens ... Centro Educacional Montessoriano Reino Infantil 688,89 3 RF ... | Regras do Sorteio do Material Didático • Quem pode ... — Regras do Sorteio do Material Didático • Quem ... Centro Educacional Montessoriano Reino Infantil – São Luís – Renascença II – Nota: 688.91 | Os Microdados do ENEM mostram quais instituições ... — Centro Educacional Montessoriano Reino Infantil – São Luís – Renascença II – Nota: 688.91. Rf Ensino Medio Ltda – São Luís – Calhau – Nota: ...
32083882;ESCOLA MADAN;Vitória;O Madan — Nosso sistema de ensino, pautado em uma proposta pedagógica exclusiva, tem ... Quando finalizou sua graduação, veio morar em Vitória, onde começou a lecionar no ... | Pelo segundo ano consecutivo, o MADAN ... — 3º - Escola Madan (Vitória) 4º - Escola Crescer (Vitória) ... Sistema de Ensino • DESDE 2005 • 9ª POSIÇÃO entre as 138 escolas que ... | Bolsão MADAN: sua chance de estudar de graça numa ... — ... material didático fica por conta do aluno/responsável. Por que estudar no MADAN? Metodologia própria: nosso sistema de ensino ... Vitória - ES, 29055-290 ...
35143613;CENTRO EDUCACIONAL INTERATIVO CATANDUVA;Catanduva;Colegio Kelvin Sistema De Ensino Catanduva — Colegio Kelvin Sistema De Ensino Catanduva. Encontre bolsas de estudo para ... Logo de Centro Educacional Interativo Catanduva. Centro Educacional ... | Busca de escolas, municípios e estados — CENTRO EDUCACIONAL INTERATIVO CATANDUVA. PETROPOLIS, 80 - RUA. SAO FRANCISCO ... COLEGIO KELVIN SISTEMA DE ENSINO CATANDUVA. COMENDADOR ANTONIO STOCCO ... | Colegio Kelvin Sistema De Ensino Catanduva — Garanta sua bolsa de estudos em Colegio Kelvin Sistema De Ensino Catanduva, Catanduva - SP ... Logo de Centro Educacional Interativo Catanduva. Centro Educacional ...
25133519;COLEGIO MOTIVA LTDA - MOTIVA CENTRO;Campina Grande;Enem 2025: conheça as 15 escolas com as maiores notas ... — Colegio Motiva Ltda - Motiva Centro - Campina Grande - Centro - Nota: 697.00 ... Farina Sistema de Ensino - Cuiabá - Areão - Nota: 668.92. | PREMIAÇÃO QUIMENINAS 2025- SÉRIE 2° ANO — COLEGIO INTENSIVO SISTEMA DE ENSINO LTDA. AL. Maceió ouro. Ana Alexandra ... COLEGIO MOTIVA LTDA - MOTIVA CENTRO. PB. Campina Grande. Certficado IZABELLE ... | Medalhistas Quimeninas 2025 - Série 1º Ano — certificado HELOISA BATISTA CASTRO COLEGIO MOTIVA LTDA - MOTIVA CENTRO PB Campina Grande ... certificado GRAZIELA ELEUTÉRIO VICENTE SISTEMA DE ENSINO FOCO ...
22022503;COLEGIO SAO FRANCISCO DE SALES;Teresina;educação inclusiva no colégio são francisco de sales — 1 Com 116 anos completados em 2022, o Colégio São Francisco de Sales - Diocesano, situado em Teresina, ... aprendentes, confecciona material didático, materiais ... | chegaram ao ranking estadual, colocando essas escolas ... — 1º lugar em Teresina e no Brasil entre as escolas com mais de 100 alunos. ... COLÉGIO SÃO FRANCISCO DE SALES 78 6 647,59 GRUPO EDUCACIONAL ... | Má qualidade do ensino infantil é causa de fracasso no Enem — Por pouco o Instituto Dom Barreto, de Teresina, não apareceu como a ... Colégio São Francisco de Sales (33º). No ranking cearense, em ...
41130987;MARTINUS CENTRO - COL EDUC INF ENS FUND ENS MEDIO E PROF;Curitiba;"Enem 2025: conheça as 15 escolas com as maiores notas ... — ... Curitiba - 664,56 - Curitiba (Paraná) - Público - 85%; Martinus Centro - Col Educ Inf Ens Fund Ens Médio e Prof ... Farina Sistema de Ensino ... | Listado de Colegios en Brasil | PDF — MARTINUS CENTRO - COL EDUC INF ENS FUND ENS MEDIO E PROF. PR. 583. KELVIN ... CURITIBA C ARQUIDIOC EM. PR. 3556. COLEGIO CURSO PEC. RJ. 3557. UNIAO BRASILEIRA ... | TABELA-PARA-O-PROFESSOR-LOCALIZAR-A-TURMA- ... — ... Curitiba. BATISTA SHALON E EI EF. 41388771. 100914. Página 118 de 203. Page 119 ... MARTINUS CENTRO - COL EDUC INF ENS FUND ENS MEDIO E PROF. 41130987. 95613."
35111466;SANTA MARCELINA COLEGIO;Botucatu;Formar quem ensina é investir em quem aprende. No Santa ... — ... Santa Marcelina COLÉGIO BOTUCATU do Santa para a Vida ... material didático. Ela escuta, apoia, soma e cresce junto com a escola. É isso ... | É 980 na redação do ENEM! 📝 Parabéns, Ana Beatriz. O ... — Santa Marcelina COLÉGIO BOTUCATU REDAÇÃO ENEM ENEM REDAÇÃO REDAÇÃO ENEM ENEM REDAÇÃO Parabens, Laylah! Laylah Marjuli Nascimento Sekiguchi ... | Colégio Marista Santa Marta | Dizem que o Ensino Médio do ... — ✓ Desconto no material didático. ✓ Ensino de qualidade ... Santa Marcelina COLÉGIO BOTUCATU Congelamento. salesianosantamaria's ...
35101734;SAO MIGUEL ARCANJO COLEGIO FRANCISCANO;São Paulo;Alunos Premiados de Escolas Privadas - 16ª OBMEP — SAO MIGUEL ARCANJO COLEGIO FRANCISCANO, P, SÃO PAULO, SP, ---, Sim. OTAVIO BECKER ... JUNTA DE EDUCAÇÃO DA CONVENÇÃO BATISTA DO ESTADO DE SÃO PAULO, P, BAURU ... | Lista de Escolas por Estado e Cidade | PDF | Rio de Janeiro — SAO MIGUEL ARCANJO COLEGIO FRANCISCANO 35 São Paulo SP AUGUSTO LARANJA ... SISTEMA DE ENSINO FUNDAMENATAL MEDIO E SUPERIOR LTDA-CD 57 João Pessoa PB | características escola indicadores prouni — ... São Paulo. Privada. Urbana. 41. De 31 a. 60 alunos. 41. 100.00. 0. De 60% a 80%. Muito ... SISTEMA DE ENSINO. PI. Teresina. Privada. Urbana. 25. De 1 a 30 alunos.
31170607;INSTITUTO TERESA VALSE;Uberlândia;educação infantil - Uberlândia — A Educação Infantil no Instituto Teresa Valsé promove o desenvolvimento ... O material didático Girolhar, de bases vivenciais, é o eixo norteador dessa ... | Você já conhece o Instituto Teresa Valsé? Vem com a gente ... — ... material didático da Editora EDB, que faz parte da rede salesiana, nas ... INSTITUTO TERESA VALSÉ UBERLÂNDIA-MG O SACI ESTAVA AQUI? | INSTITUTO TERESA VALSÉ PANTELLINI — de HPHLGD FLGDGH · Citado por 2 — ... Instituto Teresa Valsé Pantellini em Uberlândia,. MG, com a finalidade de ... ] o material didático era mais o treino da gente, o que a gente tinha ...
33189838;ESCOLA SAP EDUCACAO POR PROJETOS;Rio de Janeiro;Alunos Premiados de Escolas Privadas — ESCOLA SAP EDUCACAO POR PROJETOS, P, RIO DE JANEIRO, RJ, Bronze. ARTHUR MIGUEL COSTA BATISTA, CENTRO EDUCACIONAL MINEIRO, P, BELO HORIZONTE, MG, Bronze. ARTHUR ... | Listagem do Site.xlsx — ESCOLA SAP EDUCACAO POR PROJETOS - ESCOLAS ... HOSPITAL EVANGELICO DO RIO DE JANEIRO - ASSOCIACAO DO HOSPITAL EVANGELICO DO RIO DE JANEIRO. | Escolas em Rio de Janeiro - RJ - BuscaEscola — ESCOLA SAP EDUCACAO POR PROJETOS. Cód INEP: 33189838 · ESCOLA SATHYA SAI DE VILA ... JGFLORENCIO SISTEMA DE ENSINO EIRELI - CENTRO EDUCACIONAL SILVA FLORENCIO.
35123675;PRUDENTE DE MORAES COLEGIO;Salto;Setor -Supervisão.xlsx — Salto. Humanidade Escola de Educação Profissional. Salto. Sistema e Caracol Colégio e Sistema de Ensino e Colégio (Marli). Itu. Presbiteriano Felipe Manoel de ... | Escolas no Ensino Fundamental I no Jardim Santa Cruz - Salto — Bolsas para Ensino Fundamental I no Jardim Santa Cruz - Salto. Mensalidades a partir de R ... prudente de moraes colegio · prima primeira ... Material Didático ... | Bolsas de estudo nas escolas de Guaraú em Salto — prudente de moraes colegio · prima primeira ... Salto Ville - Salto - SP. Saiba mais · Logo - jayme ... Material Didático Incluso. Infantil em alta! R ...
33145237;COLEGIO SAO JOAO BATISTA NOVA FRIBURGO;Nova Friburgo;"Colegio Sao Joao Batista Nova Friburgo — Colegio Sao Joao Batista Nova Friburgo. Encontre bolsas de estudo para ... material didático diferenciado e de alta qualidade. Atividades ... | Colegio Sao Joao Batista Nova Friburgo — ... Nova Friburgo - RJ; ›; Centro; ›; Colegio Sao Joao Batista Nova Friburgo ... material didático ... Material Didático. com base no Censo Escolar/2024. | ENEM 2014 — COLEGIO SAO JOAO BATISTA NOVA FRIBURGO, NOVA FRIBURGO, RJ, Privada, De ... SISTEMA DE ENSINO UNIVERSUS LTDA, RIO DE JANEIRO, RJ, Privada, De 40 ..."
32040083;COLEGIO SALESIANO N S DA VITORIA;Vitória;Planilha1 — Vitória, 33953000, 33953033, SECRETARIA@SALESIANO.ORG.BR. 312, Vitória, COLEGIO SALESIANO N S DA VITORIA, URBANA, 29017950, AVENIDA VITORIA, 950, FORTE SAO JOAO ... | características escola indicadores prouni — ... Vitória. Privada. Urbana. 30. De 1 a 30 alunos. 30. 100.00. 0. 80% ou mais. Muito ... SISTEMA DE ENSINO. PI. Teresina. Privada. Urbana. 25. De 1 a 30 alunos. 25. | Lista de Escolas por Estado e Cidade | PDF | Rio de Janeiro — COLEGIO SALESIANO N S DA VITORIA 61 Vitória ES COL PONTAGROSSENSE-EDUC INF ... SISTEMA DE ENSINO FUNDAMENATAL MEDIO E SUPERIOR LTDA-CD 57 João Pessoa PB
31260541;COLLEGIUM PRISMA;Montes Claros;1⃣ Antecipe-se Garanta já o material didático do seu filho ... — Montes Claros 169 anos 03 DE JULHO PARABÉNS À CAPITAL DO NORTE DE MINAS! ... Collegium Prisma. Photo by Rede Educacional Prisma on May 15 ... | Valéria Regina de Carvalho e Fagundes — ... Montes Claros. Especialista em Psicopedagogia (2001-2002) pela Universidade ... (Desenvolvimento de material didático ou instrucional - Projeto Pedagógico). | Chaveamento e Emparceiramento Regional Norte Sede - JEMG — Montes Claros. Sistema de Ensino Foco. Nova Porteirinha. E.E. Inspetor Luiz Pedro. Pirapora. Escola Técnica Alto Médio São Francisco. Rio Pardo de Minas. E.E. ...
35105600;SANTO AMERICO COLEGIO;São Paulo;📚✨ Hoje foi dia de muito treino! 🔹 No Colégio Santo ... — ... Santo Américo, Colégio Visconde de Porto Seguro e Colégio Vera Cruz ... São Paulo, são 169 aprovações do CPV. Quando a FGV publica uma ... | Alunos Premiados de Escolas Privadas — RIO CLARO SISTEMA DE ENSINO, P, RIO CLARO, SP, Sim. ANDRE HENRIQUE ALMEIDA GIANETTI DE SOUZA, ARQUIDIOCESANO DE SAO PAULO COLEGIO MARISTA ... SANTO AMERICO ... | SUMÁRIO — Confirmando esta experiência, anexou documentos procedentes de órgãos oficiais do sistema de ensino do Estado de São Paulo, empresas conveniadas e reportagens ...
24085634;CENTRO EDUCACIONAL MASTER;Natal;Ranking ENEM 2025 | Natal/RN Levantamento XTRI ... — ... Centro Educacional Master Média: 674,94 | N: 13 alunos Over Lagoa ... Natal e do IFRN Campus Central/Natal. ✍️ Redação A nota 980 foi ... | Ranking Enem 2025 no Ceará #microdados — ... Centro Educacional Master, Diocesano Santa Luzia, Colégio Simples, Marista de Natal, CEI Romualdo, IFRN Campus Mossoró e FACEX. Arraste para ... | PARCEIROS - EDUCAÇÃO — Centro Educacional Master. Endereço: Sede Natal - Av. Ayrton Senna, 761 - Capim Macio. Instagram: @colegiomaster.natal. Telefone: (84) 3235-1200. Desconto: 20 ...
53016726;UNICO EDUCACIONAL;Brasília;Instituição — É evidente que o colégio tem seus diferenciais, como o ritmo puxado, professores experientes e especialistas em suas áreas e material didático feito sob medida. | O início de um ano letivo único está chegando! Estamos ... — Photo by Único Educacional | Colégio e Pré-Vestibular em Brasília on January 21, ... Inove Sistema de Ensino aprender. Descobrir um mundo ... | Eduardo Fernandes Batista — Brasília: UNICO EDUCACIONAL, 2018 (MATERIAL DIDÁTICO). FERNANDES, Eduardo ... (Desenvolvimento de material didático ou instrucional - Apostila).
28017820;COLEGIO DO SALVADOR;Aracaju;"ACP Colégio do Salvador — educacionais privadas, vinculadas ao Sistema de Ensino do Estado de ... denúncias formalizadas na Promotoria de Defesa do Consumidor de Aracaju, por responsáveis ... | 1. De Portas Abertas - Colegio Salvador — ... material didático, escolinha de esportes e programas ... Alunos já matriculados no Colégio do Salvador não podem participar do Concurso de Bolsas. | Colégio do Salvador on Instagram: ""O acolhimento na ... — Photo by Colégio Salesiano Aracaju on June 08, 2026. May be an ... material didático, material didático excelente, que a gente pode ..."
33055947;COLEGIO SALESIANO SANTA ROSA;Niterói;Colégio Salesiano Santa Rosa — ... material didático exclusivo, a Coleção Girolhar, que se fundamenta no conceito ... Colégio Salesiano Santa Rosa | Rua Santa Rosa 207, Niterói, RJ, 24240225 ... | Educação — Niterói - RJ · Colégio Salesiano Resende. Resende · Colégio Salesiano Santa Rosa ... O material didático, promove diversos pilares de aprendizagem, como a ... | Colégios Salesianos (@saleniteroi) — Colégio Salesiano Santa Rosa Colégio Salesiano Região Oceânica Educação Infantil ao Ensino Médio 143 Anos de Presença em Niterói ❤️. Follow. Message ...
26122090;COLEGIO PRESBITERIANO AGNES ERSKINE;Recife;Eduardo Azevedo - Diretor/Advogado/Professor — Colegio Presbiteriano Agnes Erskine. jun. de 2019 - jan. de 2022 2 anos 8 meses. Recife. | Alunos Premiados de Escolas Privadas - 20ª OBMEP 2025 — SEI - SISTEMA DE ENSINO INTERATIVO, P, RIO DE JANEIRO, RJ, Bronze. JOÃO LUCAS ... COLEGIO PRESBITERIANO AGNES ERSKINE, P, RECIFE, PE, Bronze. DAVI GAIOSO MANSO ... | PREMIAÇÃO QUIMENINAS 2025- SÉRIE 1° ANO — COLEGIO PRESBITERIANO AGNES ERSKINE. PE. Recife certificado FLÁVIA QUEIROZ ... SISTEMA DE ENSINO AUTHENTICO. PA. Belém certificado CLARYSSA BARROS DE ...
51028646;INST PRESBITERIANO EDUCACAO SIMONTON;Tangará da Serra;Enem 2025: conheça as 15 escolas com as maiores notas ... — Farina Sistema de Ensino - Cuiabá - Areão - Nota: 668.92. Inst Presbiteriano Educacao Simonton - Tangará da Serra - Jardim Tanaka - Nota: 661.89. | Plan1 — Tangará da Serra, 51110016, ESCOLA TECNICA ESTADUAL DE EDUCACAO PROFISSIONAL E TECNOLOGICA DE TANGARA DA SERRA - MT, 32, 30. 3039, 2016, 51, Tangará da Serra ... | SEDUC - Seduc - MT — FARINA SISTEMA DE ENSINO, 65, 36283033, AVENIDA MIGUEL SUTIL, 1695 ... ESCOLA TECNICA ESTADUAL DE EDUCACAO PROFISSIONAL E TECNOLOGICA DE TANGARA DA SERRA - MT ...
35120637;PADRE ANCHIETA COLEGIO;Osasco;"Padre Anchieta Colegio - Osasco - SP — ... Osasco - SP; ›; Centro; ›; Padre Anchieta Colegio ... material didático, promovendo uma experiência de aprendizado rica e diversificada. ... Material Didático. com ... | dbo_TS_ESCOLA — ... OSASCO INSTITUTO EDUCACIONAL, SP, 1, 1, 0, 1, 0, 0, 0, 1. 489, 2014, 35103081, ALBERT ... SISTEMA DE ENSINO, SP, 1, 1, 0, 1, 0, 0, 0, 1. 1273, 2014, 35394142 ... | Listado de Colegios en Brasil | PDF — OSASCO II ETEC. SP. 4457. COLEGIO ADVENTISTA DE IMPERATRIZ. MA. 4458. UNIDADE ... SISTEMA DE ENSINO FUNDAMENATAL MEDIO E SUPERIOR LTDA-CDF-SUL. PB. 7312. SUELI ..."
35388786;LICEU PORTINARI DE ENSINO MEDIO;Limeira;Liceu Portinari de Ensino Médio - Limeira - SP — ... Limeira no bairro Jardim Aquarius, como foi o seu desempenho no IDEB ... Liceu Portinari de Ensino Médio. Liceu Portinari de Ensino Médio ... material didático ... | Premiação Regional de Alunos - 18ª OBMEP — LIMEIRA - COLEGIO TECNICO DE - UNICAMP, E, LIMEIRA, SP, Bronze. FRANCISCO ... LICEU PORTINARI DE ENSINO MEDIO, P, LIMEIRA, SP, Bronze. MANUELA FURLAN PERES ... | Ensino — ... LICEU PORTINARI DE ENSINO MEDIO. 35388786 SP. Limeira. ALUIZO FAUSTINO DO ... SISTEMA DE ENSINO. 35159013 SP. Rio Claro. ANA CLARA ALVES DE OLIVEIRA. 3º ano ...
33066566;COLEGIO DA COMPANHIA DE SANTA TERESA DE JESUS RJ;Rio de Janeiro;"Alunos Premiados de Escolas Privadas - 20ª OBMEP 2025 — COLEGIO DA COMPANHIA DE SANTA TERESA DE JESUS RJ, P, RIO DE JANEIRO, RJ, Bronze. ISABELA ANDRADE CARMONA, ALBERT SABIN COLEGIO, P, SAO PAULO, SP, Bronze. | Escola - COLEGIO MILITAR DO RIO DE JANEIRO — Escola - COLEGIO MILITAR DO RIO DE JANEIRO. Ficha; Entorno; Equipamentos ... SEI - SISTEMA DE ENSINO INTERATIVO R SANTA SOFIA - 98 - TIJUCA - CEP: 20540 ... | Rio de Janeiro 4912 escolas — ... Rio de Janeiro - Rio de Janeiro. Rede privada / Urbana · COLEGIO DA COMPANHIA DE SANTA TERESA DE JESUS RJ. RUA SAO FRANCISCO XAVIER, 11. TIJUCA. 20550010 Rio de ..."
35112768;FRANCISCANO AVE MARIA COLEGIO;Campinas;Bolsas de estudo nas escolas de Bosque em Campinas — Logo - franciscano ave maria colegio. Franciscano Ave Maria Colegio. 5.0(2) ... Material Didático Incluso. Vagas 2026. Vagas 2026. R$ 1.646,98. R$ 823,49 /mês ... | Premiação Regional de Alunos - Escolas Públicas ... — FRANCISCANO AVE MARIA COLEGIO, P, CAMPINAS, SP, Ouro. EMERSON HIROSHI TAKEDA ... ZETA SISTEMA DE ENSINO DE BIRIGUI, P, BIRIGUI, SP, Bronze. ISABELLA CRISTINA ... | Escolas em Bosque na cidade de Campinas — Logo - franciscano ave maria colegio. Franciscano Ave Maria Colegio. 5.0(2) ... Material Didático Incluso. Vagas 2026. Vagas 2026. R$ 1.553,75. R$ 776,88 /mês ...
31343781;COLEGIO VALE DO SAPUCAI;Pouso Alegre;"Alunos Premiados de Escolas Privadas - 20ª OBMEP 2025 — Alunos Premiados de Escolas Privadas - 20ª OBMEP 2025 ; PEDRO PAULO ANDRADE MAIA, COLEGIO VALE DO SAPUCAI, P · POUSO ALEGRE, MG ... | Ensino — ... Pouso Alegre. Alice Batista de Oliveira. 1º ano - Ensino Médio. 14. 16 COLEGIO ... SISTEMA DE ENSINO. 35159013 SP. Rio Claro. ANA CLARA ALVES DE OLIVEIRA. 3º ... | ENEM 2014 — ATUAL SISTEMA DE ENSINO, SABINOPOLIS, MG, Privada, 80% ou mais, Alto ... COLEGIO VALE DO SAPUCAI, POUSO ALEGRE, MG, Privada, De 60% a 80%, Muito ..."
33027722;COLEGIO FRANCISCANO SAGRADO CORACAO DE JESUS;Cabo Frio;Colegio Franciscano Sagrado Coracao De Jesus — Onde fica o Colegio Franciscano Sagrado Coracao De Jesus? Av Nilo Pecanha, 140 - centro, Cabo Frio - RJ. | Colegio Franciscano Sagrado Coracao De Jesus — Garanta sua bolsa de estudos em Colegio Franciscano Sagrado Coracao De Jesus, Cabo Frio - RJ ... Sistema de ensino. SM Educação. O sistema de ensino ... | Conheçam o Colégio Ame Mais! Um colégio católico que tem ... — Colégio Franciscano Sagrado Coração de Jesus Há 100 anos educando gerações! ... Cabo Frio. DISCIPLINA DENTRO E FORA DE CAMPO FOCO NA ...
35123419;COOPERATIVA DE ENSINO DE BIRIGUI;Birigui;"Chegou o momento de adquirir o material didático que ... — ... likes, 0 comments - coebbirigui on December 2, 2024: ""Chegou o momento de adquirir o material didático ... Cooperativa de Ensino de Birigui ... | Busca de escolas, municípios e estados — COOPERATIVA DE ENSINO DE BIRIGUI. FRANCISCO LAMACCHIA, 867 - RUA. CHACARAS ... ZETA SISTEMA DE ENSINO DE BIRIGUI. NOVE DE JULHO, 672 - RUA. CENTRO ... | Algumas histórias são contadas em anos. Outras, com ... — ... Cooperativa de Ensino de Birigui arraste para o lado e confira 2026 ... Sistema de Ensino TEMA: EDUCAÇÃO E FUTUROS POSSÍVEIS Uma noite ..."
33155860;COLEGIO ESPACO LIVRE;Nova Friburgo;ENEM 2014 — COLEGIO SAO JOAO BATISTA NOVA FRIBURGO, NOVA FRIBURGO, RJ ... SOMEC SISTEMA DE ENSINO, RIO DE JANEIRO, RJ, Privada, De 20% a 40%, Médio ... | educação - Listagens de Empresas — ... material didático, m Mais informações · Mensagem. 2 ... nova-friburgo. 0 Comentários. Nova Friburgo, Centro. Mensagem. 15. Colégio Espaço Livre ... Nova Friburgo ... | Lista de Escolas por Estado e Cidade | PDF | Rio de Janeiro — COLEGIO ESPACO LIVRE 17 Nova Friburgo RJ COLEGIO UNIVERSITARIO PADRE DE MAN ... SISTEMA DE ENSINO FUNDAMENATAL MEDIO E SUPERIOR LTDA-CD 57 João Pessoa PB
26122359;COLEGIO AUXILIADORA;Recife;"Ensino Médio - salesianas auxiliadora recife — No ensino médio, adotamos uma abordagem que combina o material didático ... Recife/PE - CEP: 52171-011 (81) 3222-3912 / (81) 3222-4097 secretaria ... | salesianas auxiliadora recife — CAMBRIDGE. MATERIAL DIDÁTICO – ROBÓTICA. ROBÔ CIÊNCIA 3 ANO- ALBERT EINSTEIN. Page 2. Rede Salesiana de Escolas – Colégio Auxiliadora. CNPJ: 10.809.838/0002-65 ... | Colégio Completude on Instagram: ""No Colégio Completude ... — SOMOS A MELHOR ESCOLA NO ENEM DA ZONA OESTE DO RECIFE 8º LUGAR NO RECIFE ... Colegio Auxiliadora Recife/PE 638,6 23 7° Cfi-colegio De ..."
31180602;COLEGIO BATISTA DE VARGINHA;Varginha;Colégio Batista Varginha — Colégio Batista Varginha, Varginha ... Página do Colégio Batista de Varginha no Facebook. ... A conversa seguiu o itinerário proposto pela apostila ... | Ensino Fundamental - Colégio Batista — O Colégio Batista de Varginha seguindo a determinação da Lei nº 10.172 ... sistema de ensino, as crianças prossigam nos estudos, alcançando maior ... | No Colégio Batista, seu filho aprende com materiais ... — Material didático ATUALIZADO, ensino conectado! mie MATRÍCULAS ... Photo by Colégio Batista de Varginha on July 07, 2026. May be an ...
50035088;COLEGIO MAESTRIA - ENEM E VESTIBULARES;Campo Grande;🏆 Adivinha quem está em 1º lugar no ENEM de Maringá ... — 6° COLEGIO MAESTRIA - ENEM E VESTIBULARES 674,54. 7° COLEGIO ALMIRANTE TAMANDARE 666,91. 8° COLEGIO MILITAR DE CAMPO GRANDE 666,28. 9 ... | Campo Grande-EB – Conselho Estadual de Educação — Maestria Colégio e Cursos – Unidade I anteriormente denominado Colégio Maestria – Enem e Vestibulares ... S.E.U Sistema de Ensino Unificado · SEALP – Educação ... | Escolas Particulares em Campo Grande — Seleção de escolas particulares em Campo Grande · >> Colégio Marista Alexander Fleming - ESCOLA RECOMENDADA · >> COLEGIO MAESTRIA - ENEM E VESTIBULARES · >> ...
29182654;COLEGIO SS SACRAMENTO;Salvador;Aluno Novo — Colégio SS. Sacramento - Salvador/BA, Colégio SS. Sacramento - Alagoinhas/BA ... Sistema de Ensino Passo a Passo - Belém, Sociedade Cultural e ... | Lista de Escolas por Estado e Cidade | PDF | Rio de Janeiro — COLEGIO SS SACRAMENTO 102836 72 Salvador BA COLEGIO MILITAR DO RECIFE 113 ... SISTEMA DE ENSINO FUNDAMENATAL MEDIO E SUPERIOR LTDA-CD 57 João Pessoa PB | ENEM ESCOLA Page 1 SIGLA NO_MUNICIPIO ... — ... SISTEMA DE ENSINO LTDA. Privada. 487,1512195 514,9707317 553,6134146 539 ... SALVADOR. CENT EDUC ADVENTISTA PEDRO II. Privada. 471,5 499,3615385 541,1461538 ...
31007498;COLEGIO FRANCISCANO CORACAO DE MARIA;Belo Horizonte;Colégio Franciscano Coração de Maria — de Belo Horizonte é integral, preparando para a vida com propósito ... Sistema de Ensino. Join Colégio Franciscano Coração de Maria ... | Colégio Franciscano Coração De Maria - - Unidade ... — Desde 1967, o Colégio Franciscano Coração de Maria tem construído uma trajetória de educação marcada pela fé e pela ciência em Belo Horizonte, ... | Colégio Franciscano Coração De Maria - - Unidade ... — Garanta sua bolsa de estudos em Colégio Franciscano Coração De Maria - - Unidade Candelária, Belo Horizonte - MG ... Sistema de ensino. SM Educação. O ...
33102830;EDUCANDARIO MIOSOTIS;Nova Friburgo;"Sou Aluno — Alameda Eduardo Guinle, 265, Centro - Nova Friburgo - RJ (22) 2523-9449 · (22) 2523-9449 educandario@miosotis.com.br. Site por. Contato pelo whatsapp. Ano de ... | Educandario Miosotis — Educandario Miosotis ... Rua Francisco Luís Fernandes, 42 - Conselheiro Paulino, Nova Friburgo ... Material didático de qualidade; Atendimento ... | ENEM 2014 — COLEGIO SAO JOAO BATISTA NOVA FRIBURGO, NOVA FRIBURGO, RJ ... SOMEC SISTEMA DE ENSINO, RIO DE JANEIRO, RJ, Privada, De 20% a 40%, Médio ..."
25132598;COLEGIO BATISTA BRASIL - PRAIA - JOAO PESSOA;João Pessoa;Busca de escolas, municípios e estados — COLEGIO BATISTA BRASIL - PRAIA - JOAO PESSOA. SENADOR RUY CARNEIRO, 1225 ... SISTEMA DE ENSINO FUNDAMENTAL E MEDIO LTDA - ME - COLEGIO DOM BOSCO JOAO ... | Colégio Batista Brasil - Praia - João Pessoa — Colégio Batista Brasil - Praia - João Pessoa é uma escola particular em João ... Sistema de Ensino Conviver. Varadouro, João Pessoa-PB. Centro de ... | Taxa de Distorção Idade/Série - João Pessoa — COLEGIO BATISTA BRASIL - PRAIA - JOAO PESSOA. 1,3%. COLEGIO CEFA JR. 20 ... SISTEMA DE ENSINO PRIMEIROS PASSOS KIDS. 17,1%. SISTEMA EDUC GENIUS LTDA ...
50007718;COLEGIO ALMIRANTE TAMANDARE;Campo Grande;Campo Grande-EB – Conselho Estadual de Educação — CCAT – Colégio e Curso Almirante Tamandaré anteriormente COLÉGIO ALMIRANTE TAMANDARÉ ... S.E.U Sistema de Ensino Unificado · SEALP – Educação Infantil, Ensino ... | Colégio CCAT (@colegioccat) · Campo Grande, MS — ✨ Parabéns, Campo Grande! ✨ Hoje celebramos a nossa querida Cidade Morena, terra de belezas, cultura e povo acolhedor. ☀️ O Colégio Almirante Tamandaré ... | Participei da Culminância das Eletivas 2026 do Colégio ... — ... Colégio Almirante Tamandaré – Paraná Integral, ao lado do vereador ... Campo Grande, em Estância Velha. Ele levou o neto Francisco Link ...
51039877;COLEGIO SALESIANO SAO GONCALO - ESCOLA DE EDUCACAO BASICA;Cuiabá;Busca de escolas, municípios e estados — COLEGIO SALESIANO SAO GONCALO - ESCOLA DE EDUCACAO BASICA. DOM BOSCO, 605. DOM AQUINO. 78015180 Cuiabá - Mato Grosso. Rede privada / Urbana · COLEGIO SAO MATEUS ... | RESULTADO POR REGIÃO — COLEGIO SALESIANO SAO GONCALO - ESCOLA DE EDUCACAO BASICA. MATO GROSSO. CUIABÁ ... SISTEMA DE ENSINO PHYSICS AMAPÁ LTDA. AMAPÁ. MACAPÁ. PRATA. 25. 1698188 ... | Plan1 — COLEGIO SALESIANO SAO GONCALO - ESCOLA DE EDUCACAO BASICA, 91, 72. 949, 2016, 51 ... SISTEMA DE ENSINO SAO BENEDITO, 16, 16. 983, 2016, 51, Cuiabá, 51038811, EMEB ...
35102787;NOTRE DAME COLEGIO;São Paulo;Alunos Premiados de Escolas Privadas - OBMEP 2017 — ARQUIDIOCESANO DE SAO PAULO COLEGIO MARISTA, P, SÃO PAULO, SP, Bronze. Nível 3 ... ZETA SISTEMA DE ENSINO DE PROMISSAO, P, PROMISSAO, SP, Bronze. MIRIAM HARUMI ... | Ensino — ... São Paulo. ADEMAR CARLOS NUNES NETO. 2º ano - Ensino Médio. 15. 18 COLEGIO ... NOTRE DAME COLEGIO. 35102787 SP. São Paulo. ALICE GOES SALAES. 2º ano - Ensino ... | Escolas em Sumaré na cidade de São Paulo — Logo - notre dame colegio. Notre Dame Colegio. 4.2(8). Sumare - São Paulo - SP ... Material Didático Incluso. Vagas 2026. Vagas 2026. R$ 2.847,94. R$ 1.993,56 ...
29181658;COLEGIO SAO LAZARO;Salvador;Alunos Premiados de Escolas Privadas - 20ª OBMEP 2025 — DAVI SALVADOR DALESSIO, ESCOLA SESI OSCAR MAGALHAES FERREIRA - UNIDADE ... SEI - SISTEMA DE ENSINO INTERATIVO, P, RIO DE JANEIRO, RJ, Bronze. BIANCA CORRÊA ... | Apesar de novo piso, salário de professor continua baixo — COLEGIO SAO LAZARO, 593,20, 621,54. 45º, TEIXEIRA DE FREITAS, Privada ... SISTEMA DE ENSINO MESON PI, 551,33, 653,47. 30º, PARAUAPEBAS, Privada ... | Listado de Colegios en Brasil | PDF — SISTEMA DE ENSINO FUNDAMENATAL MEDIO E SUPERIOR LTDA-CDF-SUL. PB. 7312. SUELI ... CE SALVADOR DE MENDONCA. RJ. 8339. INSTITUTO PRESBITERIANO VALE DO ...
15181456;COLEGIO IDEAL BATISTA CAMPOS;Belém;"Curso Gama e Mersenne, em parceria com o colégio Ideal, ... — ... Colégio Ideal Batista Campos. Nosso curso vai oferecer a você ... APOSTILA DE QUESTÕES Apostila de questões inclusa! Aluno Maximus R ... | Colégio Sucesso on Instagram: ""O Sucesso está de matrículas ... — Time de professores renomado, material didático completo, simulados e muito mais para a sua aprovação! ... Belém é a primeira cidade do norte do ... | Busca de escolas, municípios e estados — COLEGIO IDEAL BATISTA CAMPOS. DOS PARIQUIS, 1443. BATISTA CAMPOS. 66033107 Belém ... 66070-500 Belém - PA. Rede privada / Urbana · SISTEMA DE ENSINO CONFIANCA."
22144196;COLEGIO EQUACAO CERTA LESTE;Teresina;Vamos brincar um pouco? Onde está o Chaguinha? Kkkk ... — ... Teresina, um grande professor e a partir de hoje nós tamo iniciando ... COLÉGIO EQUAÇÃO CERTA LESTE 88 647,59 COLÉGIO EQUAÇÃO CERTA ... | Busca de escolas, municípios e estados — CENTRO MUNICIPAL DE EDUCACAO INFANTIL LIMOEIRO. RURAL, S/N. AREA RURAL DE TERESINA. 64099899 Teresina - Piauí. Rede municipal / Rural ... CPI SISTEMA DE ENSINO. | DESTAQUE Colégio Diocesano Padre Anchieta é destaque ... — ... COLÉGIO EQUAÇÃO CERTA - LESTE 93 5 656,93 COLÉGIO SÃO FRANCISCO DE ... Teresina Instituto São José 773,83 O ranking considera a média ...
31096270;COLEGIO PADRAO;Montes Claros;"Escola Particular em Montes Claros, MG - Colégio Padrão — Missão & ValoresEnsinoGestãoEsportePadrão PlusMaterial DidáticoInfraestrutura ... © 2026 Colégio Padrão — Escola Particular em Montes Claros, MG. Todos os ... | Alunos Premiados de Escolas Privadas - 20ª OBMEP 2025 — Alunos Premiados de Escolas Privadas - 20ª OBMEP 2025 ; MARCUS VINICIUS FONSECA NEVES NORONHA, SISTEMA DE ENSINO FOCO, P · MONTES CLAROS, MG ... | Ranking de escolas no ENEM na cidade de Montes Claros — col marista sao jose · roxo verde • Montes Claros - MG. Nota ENEM: 673.14 ; colegio padrao · sao luiz • Montes Claros - MG. Nota ENEM: 668.93 ; sistema de ensino ..."
33109923;COL BAHIENSE LTDA;Rio de Janeiro;Escolas Particulares — RIO DE JANEIRO (CONTINUAÇÃO) 2263 - COL BARROS NASCIMENTO 2264 - COL BATISTA ... 2500 - SISTEMA DE ENSINO INTEGRADO SEIS LTDA 2501 - SOC EDUC BOTAFOGO ... | Posição no ranking - média objetiva Nome da escola ... — ... Rio de Janeiro. RJ. 701,1. 843,4. 693,0. 683,0. 637,0. 792,0. 16. COLEGIO MAGNUM ... COL BAHIENSE LTDA. Rio de Janeiro. RJ. 646,8. 755,1. 648,0. 617,0. 623,0. 699 ... | Alunos Premiados de Escolas Privadas — COL BAHIENSE LTDA, P, RIO DE JANEIRO, RJ, Bronze. 4, FREDERICO ROCHA BOLLER ... SEI - SISTEMA DE ENSINO INTERATIVO, P, RIO DE JANEIRO, RJ, Bronze. LEONARDO ...
53001389;COL SAGRADO CORACAO DE MARIA;Brasília;Escolas Particulares — 2403 - COL SAGRADO CORAÇÃO DE MARIA 2404 - COL SALESIANO 2405 - COL ... 2500 - SISTEMA DE ENSINO INTEGRADO SEIS LTDA 2501 - SOC EDUC BOTAFOGO LTDA ... | LISTA DOS ALUNOS DO NONO ANO COM NOTA MAIOR ... — Col. Sagrado Coração de Maria. JOÃO VITOR MATTEOLI DELFINO. SANTANA CHAVES ... Zeta Sistema de Ensino de Birigui. GABRIEL MARCENTE FADIL. SÃO PAULO. Birigüi. | Medalhistas de Ouro por Escola | PDF | São Paulo — AUGUSTO OLIVEIRA SILVA COL LA SALLE AGUAS CLARAS DISTRITO FEDERAL Brasília LAURA TERESA LOPES SILVA COL SAGRADO CORACAO DE MARIA DISTRITO FEDERAL Brasília
41071913;NOSSA SRA AUXILIADORA COL EI-EF-EM;Cascavel;Alunos Premiados de Escolas Privadas - 16ª OBMEP — NOSSA SRA AUXILIADORA COL EI-EF-EM, P, CASCAVEL, PR, ---, Sim. ISABELLE QUEIROZ ... COLEGIO MARISTA DE CASCAVEL, P, CASCAVEL, PR, ---, Sim. VITOR H ROSSI DE SOUZA ... | Lista de Colégios Privados no Brasil | PDF | São Paulo — SISTEMA DE ENSINO MESON PI. PA. CASTANHAL. Privada. Urbana. 102. INSTITUTO FEDERAL ... NOSSA SRA AUXILIADORA COL EI-EF-EM. PR. CASCAVEL. Privada. Urbana. 24 ... | Notas Médias do ENEM 2010 dos alunos concluintes do ... — ... CASCAVEL. NOSSA SRA AUXILIADORA COL EI-EF-EM. PRIVADA. 19. 19. 582,31. 614 ... SISTEMA DE ENSINO ENERGIA LAGES. PRIVADA. 61. 61. 559,69. 598,83.
43037682;COLEGIO LA SALLE;Canoas;guia da escola 2026 - colégio la salle canoas — Colégio São José de Canoas, passa a se chamar Colégio La Salle Canoas. ... apresentar o material didático solicitado, sendo registrado no sistema. | Conheça nossas atividades Extraclasses! No Colégio La ... — Os Irmãos chegaram, mas o material didático ... PANDORA COLÉGIO SALESIANO DOM BOSCO PASTORAL Antoniana COLÉGIO LA SALLE CANOAS - RS La Salle ... | ✨ No Colégio La Salle Canoas, acreditamos que a ... — ✨ No Colégio La Salle Canoas, acreditamos que a formação integral começa desde cedo! ... CONQUISTA SOLUÇÃO EDUCACIONAL. Nossa parceria com ...
35105961;BEATISSIMA VIRGEM MARIA INSTITUTO DE EDUCACAO;São Paulo;"Beá on Instagram: """" Conheça o Ensino Fundamental I no ... — ... SISTEMA DE ENSINO MARY WARD INSTITUTUTO DE EDUCAÇÃO BEATÍSSIMA ... SÃO PAULO aqui o trabalho não para Homenagem Especial... Instituto ... | Primeira parte da live realizada com o Colégio Beatíssima ... — ... Beatíssima Virgem Maria Instituto de Educação com o tema: ""Como ... Receberemos LariAdapta, produtora de material didático acessível e ... | Alunos Premiados de Escolas Privadas — RIO CLARO SISTEMA DE ENSINO, P, RIO CLARO, SP, Sim. ANDRE HENRIQUE ALMEIDA GIANETTI DE SOUZA, ARQUIDIOCESANO DE SAO PAULO COLEGIO MARISTA, P, SAO PAULO, SP, Sim."
35155073;COLEGIO BATISTA BRASIL VILA MARIANA;São Paulo;Colégio Batista Mineiro | 🛍️💰Os estudantes do 4º ano ... — A turminha do 1º período A e B do Colégio Batista Brasil - Vila Mariana (São Paulo) viveu um momento de muita diversão e aprendizagem com a ... | Pequenos exploradores em ação! 🔎🌿 As crianças da 1ª fase do ... — No 1º período da Educação Infantil do Colégio Batista Brasil – Vila Mariana, a aprendizagem acontece por meio da investigação e da descoberta. | A Associação Escola Suíço-Brasileira (AESB), referência em ... — Oi pessoal, estamos aqui na Bett em São Paulo trazendo um pouco da experiência do Avanti. ... O grande diferencial está no material didático: ...
35101278;SAO JOSE COLEGIO AGOSTINIANO;São Paulo;Alunos Premiados de Escolas Privadas - 16ª OBMEP — ZETA SISTEMA DE ENSINO DE BIRIGUI, P, BIRIGUI, SP, Sim. MARIA EDUARDA BATISTA SÁ ... JUNTA DE EDUCAÇÃO DA CONVENÇÃO BATISTA DO ESTADO DE SÃO PAULO, P, BAURU ... | Sao Jose Colegio Agostiniano - São Paulo - SP — ... São Paulo no bairro Chacara Tatuape, como foi o seu desempenho no IDEB ... Sao Jose Colegio Agostiniano. Sao Jose Colegio Agostiniano ... material didático e jogos ... | Ensino — ... São Paulo. ADEMAR CARLOS NUNES NETO. 2º ano - Ensino Médio. 15. 18 COLEGIO ... SAO JOSE COLEGIO AGOSTINIANO. 35101278 SP. São Paulo. Alejandro Lorenzo Soares ...
50015877;ESCOLA PRESBITERIANA ERASMO BRAGA;Dourados;A Escola Presbiteriana Erasmo Braga, uma instituição com 85 ... — Nosso sistema de ensino é baseado no renomado ... Há 87 anos, a Escola Presbiteriana Erasmo Braga faz parte da história de Dourados,. | Preparação de verdade acontece com prática. Na Escola ... — ... Dourados #DouradosMS #Simulado #ENEM #Vestibular #EnsinoMédio ... Na Escola Presbiteriana Erasmo Braga, os alunos realizam simulados ... | Escola Erasmo Braga completa 75 anos Matéria do dia 27 ... — ... material didático utilizado em sala de aula é do ... Escola Presbiteriana Erasmo Braga ... Escola Presbiteriana Erasmo Braga, a mais antiga de Dourados, completa 75 ...
23071400;SANTA ISABEL COLEGIO;Fortaleza;"https://www.cearatransparente.ce.gov.br/attachment... — ... Fortaleza"";23064641;""21 DE ABRIL COLEGIO"";""Privada"";2;0;0;0;0;0;0;2 21 ... SANTA ISABEL COLEGIO"";""Privada"";11;3;21;6;0;1;0;39 21;""SEFOR 1"";2304400 ... | Busca de escolas, municípios e estados — 60442642 Fortaleza - Ceará. Rede privada / Urbana · ALTERNATIVO SISTEMA DE ENSINO. RUA DOUTOR RIBAMAR LOBO, 363 PAPICU. 60176-145 Fortaleza - CE. Rede privada ... | MEDALHA DE OURO — SANTA ISABEL COLEGIO FRANCISCANO. SÃO PAULO. São Paulo. MARIA EDUARDA ... ZETA SISTEMA DE ENSINO DE BIRIGUI. SÃO PAULO. Birigui. HUANG PO CHIANG. NIPO ..."
11049073;COLEGIO SAPIENS - UNIDADE INTENSIVO;Porto Velho;Enem 2025: conheça as 15 escolas com as maiores notas ... — Centro de Ensino Classe A - 644,87 - Porto Velho (Rondônia) - Particular - 92% ... Colégio Sapiens - Unidade Intensivo - 628,29 - Porto ... | Enem 2025: conheça as 15 escolas com as maiores notas ... — Colegio Sapiens - Unidade Intensivo - Porto Velho ... Colegio Adventista de Porto Velho - Porto Velho - Nova Porto Velho - Nota: 591.34.
35500033;CIDADE RIO PRETO COLEGIO;São José do Rio Preto;Alunos Premiados de Escolas Privadas - 16ª OBMEP — CIDADE RIO PRETO COLEGIO, P, SÃO JOSÉ DO RIO PRETO, SP, Bronze, ---. GUILHERME ... COLEGIO KELVIN SISTEMA DE ENSINO CATANDUVA, P, CATANDUVA, SP, ---, Sim. | Ensino — ... São José do Rio Preto. AFONSO EMÍDIO SARAIVA SOARES ALCANFÔR. 3º ano - Ensino ... CIDADE RIO PRETO COLEGIO. 35500033 SP. São José do Rio Preto. AMANDA ... | Alunos Premiados de Escolas Privadas - 16ª OBMEP — ZETA SISTEMA DE ENSINO DE BIRIGUI, P, BIRIGUI, SP, Sim. MARIA EDUARDA BATISTA ... SOCIEDADE EDUCACIONAL INVICTUS DE SÃO JOSÉ DO RIO PRETO LTDA, P, SÃO JOSÉ DO ...
50007858;COLEGIO SALESIANO DOM BOSCO;Campo Grande;No Colégio Salesiano Dom Bosco, cada momento vivido é ... — Vem estudar no Colégio Salesiano Dom Bosco de Campo Grande. Aqui é ... E ainda receber o material didático totalmente gratuito no ano que vem. | No Colégio Salesiano Dom Bosco, educamos com amor, ... — Sistema de Ensino Dom Bosco by SAE Digital Colégio São Luís ... Vem estudar no Colégio Salesiano Dom Bosco de Campo Grande. Aqui é ... | Escolas Salesianas — ... material didático impresso e digital próprio, no desenvolvimento de uma ... Colégio Salesiano Dom Bosco SALVADOR - BA Endereço: AV Divino Espírito ...
35165049;PAULO FREIRE COLEGIO;Paulínia;Busca de escolas, municípios e estados — PAULO FREIRE COLEGIO. JOSE PAULINO, 2931 - AVENIDA. MORUMBI. 13140723 Paulínia - São Paulo. Rede privada / Urbana · PEQUENO APRENDIZ. | Escolas em Santa Terezinha - Paulínia - SP — Paulo Freire Colegio. Sem avaliações. Santa Terezinha - Paulínia - SP. Saiba ... Material Didático Incluso. Infantil em alta! Vagas 2026. R$ 1.150,79. R$ 863 ... | Alunos Premiados de Escolas Privadas - 16ª OBMEP — ZETA SISTEMA DE ENSINO DE BIRIGUI, P, BIRIGUI, SP, Sim. MARIA EDUARDA BATISTA SÁ ... COLEGIO PAULÍNIA, P, PAULINIA, SP, Sim. 554, DAVI HENRIQUE GERALDO, SESI 357 ...
43042929;COLEGIO SAO JOAO BATISTA;Caxias do Sul;Rede Particular - 2015 - Secretaria da Educação — 4 Caxias do Sul. 43042929 COLEGIO SAO JOAO BATISTA. Urbana. RUA JOSE DE CARLI. 850. UNIVERSITARIO. 95041290 54 32045300 SECRETARIA@COLEGIOSJBCAXIAS.COM.BR. 4 ... | Detalhado - NÃO PAGAS - Portal Gov.br — SISTEMA DE ENSINO VESTIBULANDO, 15587983, 560, PDDE-EDUCAC?O ESPECIAL ... COLEGIO SAO JOAO BATISTA, 43042929, 680, PDDE-EDUCAC?O ESPECIAL, PARTICULAR, 6. 1594 ... | ENEM 2014 — COLEGIO SAO JOAO BATISTA NOVA FRIBURGO, NOVA FRIBURGO ... CENTRO TECNOLOGICO UNIVERSIDADE CAXIAS DO SUL - UNIDADE DE ENSINO DE CAXIAS DO SUL ...
35172625;CEI - COLEGIO DE EDUCACAO INTEGRAL;Franca;Franca — CEI - COLEGIO DE EDUCACAO INTEGRAL. CAMPOS SALLES, 1289 - RUA. CENTRO ... NOVO COLEGIO SISTEMA DE ENSINO DE FRANCA LTDA. FRANCISCO PESCE, 310 - RUA ...
35104607;PALMARES COLEGIO EFM;São Paulo;Alunos Premiados de Escolas Privadas — RIO CLARO SISTEMA DE ENSINO, P, RIO CLARO, SP, Sim. ANDRE HENRIQUE ALMEIDA GIANETTI DE SOUZA, ARQUIDIOCESANO DE SAO PAULO COLEGIO MARISTA ... PALMARES COLEGIO EFM ... | Notas Médias do ENEM 2010 dos alunos concluintes do ... — ... SÃO PAULO. JUNDIAI. CRISTAO DE JUNDIAI CCJ COLEGIO. PRIVADA. 16. 16. 614 ... PALMARES COLEGIO EFM. PRIVADA. 62. 62. 647,6. 706,8. 752,36. 646,23. | Lista de Escolas por Estado e Cidade | PDF | Rio de Janeiro — PALMARES COLEGIO EFM 45 São Paulo SP COLEGIO MARISTA SAO JOSE 59 Rio de ... SISTEMA DE ENSINO FUNDAMENATAL MEDIO E SUPERIOR LTDA-CD 57 João Pessoa PB
52033090;COLEGIO SHALLON - UNIDADE I;Goiânia;"Busca de escolas, municípios e estados — SISTEMA DE ENSINO MILENIO. AVENIDA 24 DE OUTUBRO, 3110 AEROVIARIO. 74435-090 Goiânia - GO. Rede privada / Urbana · SISTEMA DE ENSINO VITORIA ESCOLA OFICINA DE ... | Resultado Enem Goiânia: escolas com melhores e piores ... — Resultado Enem 2019 em Goiânia ; 39 · 40 · 41 ; COLEGIO SHALLON – UNIDADE I · INSTITUTO PRESBITERIANO DE EDUCACAO · COLEGIO UNUS ; 552.62 · 552.42. | Escolas no município de Goiânia - GO — 74820-060 Goiânia - GO. (62) 32419540, Privada, Educação Infantil, Ensino Fundamental. COLEGIO SHALLON - UNIDADE I, RUA FORTALEZA, 261 SETOR URIAS MAGALHAES ..."
