codigo_escola;NO_ENTIDADE;cidade
33062609;COLEGIO CRUZEIRO-CENTRO;Rio de Janeiro
31006238;COLEGIO LOYOLA;Belo Horizonte
33078866;ASSOCIACAO EDUCACIONAL GARRIGA DE MENEZES;Rio de Janeiro
33057206;INSTITUTO GAYLUSSAC - ENS FUNDAMENTAL E MEDIO;Niterói
26122081;COLEGIO DAS DAMAS DA INSTRUCAO CRISTA;Recife
32040032;CE LEONARDO DA VINCI;Vitória
31387860;COLEGIO MAGNUM AGOSTINIANO;Belo Horizonte
31006157;COLEGIO LOGOSOFICO GONZALEZ PECOTCHE;Belo Horizonte
23067071;COLEGIO CHRISTUS BARAO DE STUDART;Fortaleza
25306936;ESCOLA INTERNACIONAL CIDADE VIVA;João Pessoa
23498994;COLEGIO CHRISTUS UNIDADE PARQUELANDIA;Fortaleza
25093061;COLEGIO NOSSA SENHORA DE LOURDES;João Pessoa
33055866;COLEGIO MARILIA MATTOSO;Niterói
43104975;CENTRO DE ENSINO MEDIO FARROUPILHA - UNIDADE DE ENSINO COLEGIO FARROUPILHA;Porto Alegre
31309711;ESCOLA SEB UNIMASTER;Belo Horizonte
31004359;COLEGIO ESPANHOL SANTA MARIA MINAS - UNIDADE CIDADE NOVA;Belo Horizonte
31369772;COLEGIO OLIMPO BH;Belo Horizonte
31007196;COLEGIO SANTA DOROTEIA;Belo Horizonte
24069191;CENTRO DE EDUCACAO INTEGRADA S A - ROMUALDO;Natal
24084263;COLEGIO MARIE JOST;Natal
35136025;COLEGIO VISCONDE DE PORTO SEGURO CAMPUS VALINHOS;Valinhos
31005975;INSTITUTO CORACAO DE JESUS;Belo Horizonte
23246880;CHRISTUS COLEGIO PRE UNIVERSITARIO;Fortaleza
53056000;COL OLIMPO;Brasília
23076208;PROVECTO COLEGIO;Fortaleza
35162243;COLEGIO VISCONDE DE PORTO SEGURO CAMPUS PANAMBY;São Paulo
24089214;CENTRO DE EDUCACAO INTEGRADA S A - ROBERTO FREIRE;Natal
26197405;COLEGIO EXIMIUS;Recife
43175317;SOCIEDADE EDUCACIONAL MARIO QUINTANA LTDA;Pelotas
31205231;COL N SRA DE LOURDES;Lavras
35173186;LICEU JARDIM;Santo André
23462442;COLEGIO CHRISTUS UNIDADE SUL;Fortaleza
31004731;COLEGIO MAGNUM AGOSTINIANO;Belo Horizonte
28017943;COLEGIO AMADEUS LTDA;Aracaju
33063648;COLEGIO SAO VICENTE DE PAULO;Rio de Janeiro
31294110;COLEGIO BURITIS AGOSTINIANO;Belo Horizonte
23275936;COLEGIO SHALOM;Fortaleza
33142726;COL ISRAELITA BRAS A LIESSIN SCHOLEM ALEICHEM;Rio de Janeiro
35112513;PROGRESSO CAMPINEIRO COLEGIO;Campinas
29530210;SARTRE ESCOLA SEB - MONET;Lauro de Freitas
43215050;COLEGIO BERTONI MED;Porto Alegre
22023658;EDUCANDARIO SANTA MARIA GORETTI;Teresina
43107494;CENTRO DE ENSINO MEDIO PASTOR DOHMS-UNIDADE DE ENSINO HIGIENOPOLIS;Porto Alegre
53020006;C EDUCACIONAL SIGMA - ASA NORTE;Brasília
31004952;COLEGIO SANTA MARIA MINAS - UNIDADE PAMPULHA;Belo Horizonte
33087539;ESCOLA SUICO-BRASILEIRA RIO DE JANEIRO BY SWISS INTERNATIONAL SCHOOLS;Rio de Janeiro
33165920;COLEGIO E CURSO PENSI;Niterói
33021740;ABMSA COL NS DAS MERCES;Nova Friburgo
22142622;GRUPO EDUCACIONAL CEV - UNIDADE KENNEDY;Teresina
33025673;PENSI CASULO RIO DAS OSTRAS;Rio das Ostras
53001320;COL MADRE CARMEN SALLES;Brasília
53015347;C EDUCACIONAL SIGMA AGUAS CLARAS;Brasília
35109708;CARMO COLEGIO;Santos
31193038;COLEGIO CATOLICA PADRE DE MAN;Coronel Fabriciano
31105899;COLEGIO COMERCIAL ITABIRANO;Itabira
13099981;CENTRO EDUCACIONAL LATO SENSU III;Manaus
23274859;ANTARES ATS COLEGIO;Fortaleza
12028835;COLEGIO LATO SENSU;Rio Branco
33085846;ESC BRETANHA JD INFANCIA TIO CARECA;Rio de Janeiro
53015789;COLEGIO OLIMPO AGUAS CLARAS;Brasília
28018109;CURSO COLEGIO MODULO LTDA;Aracaju
42012023;ESCOLA NORMAL E GINASIO MADRE TERESA MICHEL;Criciúma
52034046;COLEGIO PREVEST;Goiânia
53013670;C EDUCACIONAL LEONARDO DA VINCI - UNIDADE TAGUATINGA;Brasília
31004111;COLEGIO SAO JOSE DE ENSINO FUNDAMENTAL E MEDIO;Belo Horizonte
23243350;FARIAS BRITO JOVEM SEIS BOCAS COLEGIO;Fortaleza
35100432;JARDIM SAO PAULO COLEGIO;São Paulo
24350303;CENTRO DE EDUCACAO INTEGRADA MAIS LTDA;Natal
52068986;COLEGIO WR;Goiânia
33021660;COLEGIO ANCHIETA;Nova Friburgo
33173931;ESCOLA CAROLINA PATRICIO - UNIDADE GOLFE OLIMPICO;Rio de Janeiro
26117584;COLEGIO APOIO;Recife
35114960;COLEGIO SANTA URSULA DE RIBEIRAO PRETO;Ribeirão Preto
31354910;CENTRO EDUCACIONAL CAVE;Juiz de Fora
24097004;COLEGIO CIENCIAS APLICADAS;Natal
13025872;CENTRO EDUCACIONAL LATO SENSU;Manaus
35131660;BRASILIA DE SAO PAULO COLEGIO;São Paulo
35103421;LICEU DE ARTES E OFICIOS DE SAO PAULO;São Paulo
35480617;EMBRAER COLEGIO CASIMIRO MONTENEGRO FILHO;Botucatu
23065591;FARIAS BRITO COLEGIO CENTRAL;Fortaleza
29342880;COLEGIO HELYOS;Feira de Santana
15567672;COLEGIO CEI;Belém
35480745;BEACON SCHOOL;São Paulo
31328294;COLEGIO UNIVERSITARIO PROFESSOR CANISIO IGNACIO LUNKES;Lavras
33115460;COL BAHIENSE - CAMPO GRANDE;Rio de Janeiro
33092346;COLEGIO SANTA MARIA;São João de Meriti
53001087;C EDUCACIONAL LEONARDO DA VINCI;Brasília
53001095;C EDUCACIONAL LEONARDO DA VINCI - UNID NORTE;Brasília
33148376;ESCOLA PARQUE - BARRA;Rio de Janeiro
31005622;COLEGIO NOSSA SENHORA DAS DORES - UNIDADE POMPEIA;Belo Horizonte
31074101;COLEGIO ACADEMIA;Juiz de Fora
31317101;COLEGIO APOGEU DE ENSINO FUNDAMENTAL E ENSINO MEDIO;Juiz de Fora
35105648;COLEGIO VISCONDE DE PORTO SEGURO CAMPUS MORUMBI;São Paulo
23491035;COLEGIO CHRISTUS DIONISIO TORRES;Fortaleza
23077042;ANTARES ATS COLEGIO;Fortaleza
26163039;COLEGIO GGE;Recife
28017803;COLEGIO DE CIENCIAS PURA E APLICADA;Aracaju
43104924;COLEGIO ANCHIETA;Porto Alegre
33064393;INSTITUTO NOSSA SENHORA DA PIEDADE;Rio de Janeiro
21273456;MAPLE BEAR SAO LUIS;São Luís
31074098;COLEGIO DOS JESUITAS;Juiz de Fora
31180611;COLEGIO DOS SANTOS ANJOS;Varginha
43105670;COLEGIO SINODAL DO SALVADOR;Porto Alegre
26124220;COLEGIO SANTA MARIA;Recife
22144714;SAO JOSE LESTE;Teresina
33065314;COL NOTRE DAME - IPANEMA;Rio de Janeiro
33179999;LME 542 EMPREENDIMENTOS EDUCACIONAIS SS LTDA;Niterói
23066814;COLEGIO SANTA CECILIA;Fortaleza
29182409;COLEGIO MODULO;Salvador
41150392;COLEGIO PASSO CERTO GROWING BILINGUE - EDUCACAO INFANTIL ENSINO FUNDAMENTAL E MEDIO;Cascavel
24001260;COLEGIO DIOCESANO SANTA LUZIA;Mossoró
33066574;COL DOS SANTOS ANJOS;Rio de Janeiro
41131789;BOM JESUS SEMINARIO;Curitiba
23165952;PARAISO SS LTDA COLEGIO;Juazeiro do Norte
31193160;INST EDUC MAYRINK VIEIRA;Ipatinga
31385433;COLEGIO DETERMINANTE;Belo Horizonte
29542618;COLEGIO OFICINA DE VITORIA DA CONQUISTA;Vitória da Conquista
42203600;COLEGIO TRILINGUE INOVACAO;Chapecó
32040210;ESCOLA CRESCER;Vitória
43172423;COLEGIO LEONARDO DA VINCI-ALFA;Porto Alegre
31249483;INST ITALO BRASILEIRO BICULTURAL;Nova Lima
31004197;COLEGIO SANTA MARIA MINAS - UNIDADE FLORESTA;Belo Horizonte
22025391;ESCOLA DOM BOSCO;Teresina
15066886;E PART E I F M INST NSRA DOS ANJOS;Abaetetuba
43173390;COLEGIO SANTA MONICA ALTOS DO LARANJAL;Pelotas
31365874;ESCOLA EDUCAR - ENSINO MEDIO;Belo Horizonte
50027956;COLEGIO HARMONIA - UNIDADE I;Campo Grande
31329762;COL GENOMA II;Governador Valadares
33447250;COLEGIO INTERATIVO ENSINO MEDIO;Volta Redonda
31384909;COLEGIO OLIMPO TRIANGULO MINEIRO;Uberlândia
35141434;ESCOLA SEB THATHI;Araçatuba
33039976;AESVP COLEGIO VICENTINO SANTA ISABEL;Petrópolis
33185590;COLEGIO CURSO TAMANDARE;Rio de Janeiro
23075961;ANTARES ATS COLEGIO;Fortaleza
21199809;COLEGIO LITERATO;São Luís
13168207;CENTRO EDUCACIONAL ADALBERTO VALLE - UNIDADE I;Manaus
31327026;CENTRO EDUCACIONAL RENOVACAO;Pouso Alegre
35114078;KOELLE COLEGIO;Rio Claro
21199090;COLEGIO EDUCALLIS;São Luís
27218244;COLEGIO SANTA URSULA LTDA;Maceió
41131673;COLEGIO BOM JESUS NOSSA SENHORA DE LOURDES ED INF ENS FUND E MEDIO;Curitiba
31374555;COLEGUIUM - INTERNACIONAL CIDADE NOVA;Belo Horizonte
33156913;COOPERATIVA DE TRABALHO EDUCACIONAL CESAR ALMEIDA;Angra dos Reis
35150022;MONTEIRO LOBATO COLEGIO;Mogi Guaçu
35504324;ESCOLA SEB UNIDADE DE RIO PRETO;São José do Rio Preto
33154007;COLEGIO CAROLINNA RUSSO LTDA;Rio de Janeiro
31351725;COLEGUIUM - UNIDADE OURO PRETO INTEGRAL;Belo Horizonte
33064032;ESCOLA ALEMA CORCOVADO - EXPERIMENTAL;Rio de Janeiro
33124418;COLEGIO QI - TIJUCA;Rio de Janeiro
21095752;ESCOLA SANTA TERESINHA;Imperatriz
23269316;MASTER SUL COLEGIO;Fortaleza
42020530;ASSOCIACAO EDUCACIONAL LUTERANA BOM JESUS IELUSC;Joinville
31005614;COLEGIO SANTA MARIA MINAS - UNIDADE CORACAO EUCARISTICO;Belo Horizonte
27224821;ALTERNATIVA ESCOLA DE EDUCACAO BASICA;Arapiraca
31062235;INST DE EDUC E ENS POUSO ALEGRE;Pouso Alegre
24057061;COLEGIO EXECUTIVO LTDA;Natal
31223883;COLEGIO ATENAS PASSOS;Passos
35802578;COLEGIO ARBOS - UNIDADE SAO BERNARDO DO CAMPO;São Bernardo do Campo
31229865;C EDUC SAO TOMAS DE AQUINO;Nova Lima
33183139;INOVAR VEIGA DE ALMEIDA;Rio de Janeiro
28037723;NUCLEO AVANCADO DE ENSINO G8 LTDA;Aracaju
42028990;COLEGIO BOM JESUS DIOCESANO;Lages
31123536;COLEGIO NOSSA SENHORA DAS GRACAS;Patos de Minas
26193957;COLEGIO GGE;Petrolina
31305235;COL POTENCIA;Conselheiro Lafaiete
21500002;COLEGIO DOM BOSCO BALSAS;Balsas
22310762;CEV COLEGIO;Teresina
52059383;COLEGIO ZENITE;Itumbiara
25120298;CENTRO PESSOENSE DE EDUCACAO - COLEGIO MOTIVA;João Pessoa
53015010;ESCOLA CANADENSE DE BRASILIA;Brasília
35142612;SINGULAR COLEGIO;São Bernardo do Campo
35104711;ESCOLA ALEF PERETZ;São Paulo
31378496;COLEGIO GENOMA II;Teófilo Otoni
35004304;ESCOLA CONCEPT;Ribeirão Preto
24083550;CENTRO DE EDUCACAO INTEGRADA ZONA SUL LTDA;Parnamirim
33063710;COLEGIO SANTO ANTONIO MARIA ZACCARIA;Rio de Janeiro
35170331;SAO CARLOS INSTITUTO EDUCACAO DE ENSINO FUNDAMENTAL E MEDIO;São Carlos
22144412;CENTRO EDUCACIONAL CONTEXTO;Parnaíba
35430146;MAPLE BEAR CANADIAN SCHOOL MOGI DAS CRUZES;Mogi das Cruzes
29093643;COLEGIO SANTO ANTONIO;Feira de Santana
52097676;COLEGIO SIMBIOS;Goiânia
35144034;GIBRAN KHALIL GIBRAN COLEGIO;Taboão da Serra
43216870;COLEGIO TOTEM SANTA MARIA;Santa Maria
52109585;COLEGIO COPE NEXUS FILIAL;Anápolis
35112896;DOM BARRETO COLEGIO;Campinas
26190451;COLEGIO GGE;Recife
35140065;INSTITUTO EDUCACIONAL IGUATEMY ESCOLA DE EI EF E EM;São José dos Campos
13032020;LAVINIENSE ENSINO INTEGRADO E CE PINGO DE GENTE;Manaus
31382655;COLEGIO GABARITO - UNIDADE II;Uberaba
31105902;COL N SRA DAS DORES;Itabira
31290157;COL CHROMOS PAMPULHA;Belo Horizonte
53012941;COLEGIO CIMAN;Brasília
41127722;COLEGIO BOM JESUS ED INFANTIL ENSINO FUNDAMENTAL E MEDIO SEDE;Curitiba
33111642;COLEGIO SANTA MONICA - TAQUARA;Rio de Janeiro
22141251;INSTITUTO EDUCACIONAL SAO JOSE UNIDADE MOCAMBINHO;Teresina
31377759;COLEGUIUM - UNIDADE NOVA SUICA;Belo Horizonte
35286527;PROGRESSAO COLEGIO;Pindamonhangaba
27227189;COLEGIO DE EDUCACAO BASICA SANTA ESMERALDA;Arapiraca
33149780;SISTEMA ELITE DE ENSINO;Rio de Janeiro
22143459;CEV- COLEGIO UNIDADE 04;Teresina
31358428;COLEGUIUM - UNIDADE ALIPIO DE MELO;Belo Horizonte
31220094;COL NACIONAL;Uberlândia
33175195;REDE AZ COLEGIO E CURSO UNIDADE LICENCIADA ILHA;Rio de Janeiro
29359287;COLEGIO PIRAMIDE;Lauro de Freitas
50032100;COLEGIO BIONATUS II;Campo Grande
23025646;COLEGIO FARIAS BRITO SOBRALENSE;Sobral
43109330;SISTEMA EDUCACIONAL BOA VISTA;Porto Alegre
29488591;COLEGIO ANCHIETA;Salvador
31004278;ESCOLA SANTO TOMAS DE AQUINO;Belo Horizonte
33195340;PB COLEGIO E CURSO;Rio de Janeiro
21010064;UPAON EDUCACIONAL LTDA;São Luís
33064628;COLEGIO TTH BAR-ILAN;Rio de Janeiro
31005916;COLEGIO DO INSTITUTO PADRE MACHADO;Belo Horizonte
13102192;LATO SENSU IV;Manaus
35561320;ALPHA LUMEN INSTITUTO;São José dos Campos
31377953;COLEGIO INTEGRADO UBERABA;Uberaba
31170534;COLEGIO PIRLIMPIMPIM SAO PASCHOALL;Uberlândia
41131690;COLEGIO NOSSA SENHORA MEDIANEIRA;Curitiba
52033830;COLEGIO SANTA CLARA;Goiânia
33196214;PB COLEGIO E CURSO;Niterói
25133012;COLEGIO VILA LTDA;João Pessoa
31004979;COLEGIO ESCOLAPIO SAO MIGUEL;Belo Horizonte
42163021;DUAL INTERNATIONAL SCHOOL;Florianópolis
31014087;COLEGIO SANTA MARIA MINAS UNIDADE CONTAGEM;Contagem
51088835;FARINA SISTEMA DE ENSINO;Cuiabá
33027404;ESCOLA CANTO DOS PASSAROS;Cabo Frio
43213995;FLEMING SERVICOS EDUCACIONAIS LTDA;Porto Alegre
35142736;ESCOLA DA VILA VILA DAS JUVENTUDES;São Paulo
31384828;COLEGIO OPCAO - UNIDADE II;Uberaba
26152630;GGE VESTIBULARES;Recife
33192260;LATTOS COLEGIO E VESTIBULARES;Rio de Janeiro
31127965;COL JESUS MARIA JOSE;Poços de Caldas
35100419;ZETA SISTEMA DE ENSINO DE BIRIGUI;Birigui
33150931;COLEGIO E CURSO PENSI;Niterói
33183031;ESCOLA SA PEREIRA;Rio de Janeiro
42000670;ASAV - COLEGIO CATARINENSE;Florianópolis
15172201;CENTRO EDUCACIONAL ESCREVA COM LTDA;Marabá
51016443;COLEGIO AVANCADO DE DESENVOLVIMENTO EDUCACIONAL;Sinop
31004171;COLEGIO NOSSA SENHORA DAS DORES;Belo Horizonte
33182108;COLEGIO E CURSO PRW;Petrópolis
35130217;ESCOLA CARANDA VIVA VIDA;São Paulo
35463279;VITAL BRAZIL COLEGIO;São Paulo
24089150;OVER COLEGIO E CURSO;Mossoró
29171652;COLEGIO SANTO ANTONIO DE JESUS;Santo Antônio de Jesus
35008727;ESCOLA NOVA LOURENCO CASTANHO;São Paulo
33188823;COLEGIO ESPACO VERDE;Volta Redonda
42000238;COLEGIO BOM JESUS CORACAO DE JESUS;Florianópolis
35126718;ESCOLA NOVA LOURENCO UNIDADE IV;São Paulo
31322873;COLEGUIUM - UNIDADE SANTA AMELIA;Belo Horizonte
35144216;PARTHENON COLEGIO;Guarulhos
42160650;CURSO E COLEGIO CRIATIVO;Florianópolis
26181231;COLEGIO FAZER CRESCER - ENSINO MEDIO;Recife
33089825;COLEGIO SANTA MONICA - SAO GONCALO;São Gonçalo
42020565;COLEGIO DOS SANTOS ANJOS;Joinville
51014459;CENTRO EDUCACIONAL VINICIUS DE MORAES;Sorriso
35125982;COLEGIO PORTO ALVORADA ENSINO FUNDAMENTAL E MEDIO;Jaú
42160081;GAIA CURSO E COLEGIO;Florianópolis
31217123;COLEGUIUM - UNIDADE OURO PRETO;Belo Horizonte
33111901;COL BAHIENSE VAZ LOBO;Rio de Janeiro
25164805;FERA COLEGIO E CURSO;Patos
35153631;INSTITUTO DE ENSINO NOVO DINAMICO;São Paulo
32018134;ESCOLA ALTERNATIVA LAGO DOS CISNES;São Mateus
51067471;PPE - PRINA PITT ESCOLA;Sinop
42160073;COLEGIO FORMULA;Palhoça
33071721;COLEGIO QI METROPOLITANO;Rio de Janeiro
33159645;GRUPO EDUCACIONAL MOPI LTDA - UNIDADE INTEGRADO II - TIJUCA;Rio de Janeiro
31118320;COL IMACULADA CONCEICAO;Passos
33196222;ESCOLA NOVA BY SWISS INTERNATIONAL SCHOOL;Rio de Janeiro
35138769;ASTHER COLEGIO;Campinas
31377899;COLEGIO OMEGA;Muriaé
42141036;COLEGIO ENERGIA;Chapecó
21267324;COLEGIO GLAUCIA COSTA;Timon
35137133;PENTAGONO COLEGIO UNIDADE MORUMBI;São Paulo
31369969;COLEGIO NACIONAL - UNIDADE IV;Uberlândia
28020049;LICEU DE ESTUDOS INTEGRADOS;Aracaju
33182094;COLEGIO E CURSO PENSI;Teresópolis
35113219;SAO VICENTE DE PAULO COLEGIO;Jundiaí
35112689;COMUNITARIA DE CAMPINAS ESCOLA;Campinas
32041373;SOCIEDADE CULTURAL MONTEIRO LOBATO CEMS;Vitória
41068785;LA SALLE C ED INF ENS FUND MEDIO;Toledo
35373886;D INCAO INSTITUTO DE ENSINO;Bauru
35117547;CRIATIVO COLEGIO;Marília
31379832;COLEGIO DONA CLARA - UNIDADE 2;Belo Horizonte
52083888;COLEGIO PROTAGORAS;Goiânia
33189137;AVANCO FREGUESIA COLEGIO E CURSO LTDA;Rio de Janeiro
33112959;CENTRO EDUCACIONAL JARDIM AMALIA;Volta Redonda
29467950;DOM JEQUIE;Jequié
53017293;UNICO EDUCACIONAL TAGUATINGA;Brasília
27218180;SEB ESCOLAS DE ALTA PERFORMANCE LTDA;Maceió
35165396;SANTA BARBARA COLEGIO;Bragança Paulista
33055890;COLEGIO NOSSA SENHORA DAS MERCES;Niterói
15173437;COLEGUIUM - UNIDADE INTERNACIONAL CARAJAS;Parauapebas
31370100;SISTEMA DE ENSINO FOCO;Montes Claros
25129899;ISO COLEGIO E CURSOS;João Pessoa
33173990;COLEGIO E CURSO AZ - UNIDADE TIJUCA;Rio de Janeiro
33041105;COLEGIO BOM JESUS CANARINHOS;Petrópolis
33447225;COLEGIO E CURSO AZ - UNIDADE BARRA;Rio de Janeiro
31353906;COLEGIO SANTA MARIA MINAS - UNIDADE BETIM;Betim
33151369;ESCOLA BOM JESUS MENINO JESUS;Petrópolis
35140685;INTEGRAL APLICADO COLEGIO;Mogi Guaçu
33069565;INSTITUTO PIO XI;Rio de Janeiro
35137674;COLEGIO SER UNIDADE CAMPOLIM;Sorocaba
26122154;COLEGIO DE SANTA CATARINA;Recife
35117560;BEZERRA DE MENEZES COLEGIO EIFM E TECNICO;Marília
31367710;COLEGIO SOLIDO - UNIDADE SAO JOSE;Montes Claros
33055416;COLEGIO E CURSO ZEROHUM ICARAI;Niterói
24087157;FACEX UNIDADE CIC;Natal
26186896;PAIVA EDUCACIONAL SA;Cabo de Santo Agostinho
23073209;COLEGIO LOURENCO FILHO CENTRAL;Fortaleza
33077258;COLEGIO SERVITA NOSSA SENHORA RAINHA DOS CORACOES;Rio de Janeiro
25125958;INTERABESSA COLEGIO E CURSO LTDA ME;João Pessoa
52099946;COLEGIO PROTAGORAS BUENO;Goiânia
42109230;COLEGIO ENERGIA;Florianópolis
29304407;COLEGIO GALILEU;Itabuna
33190160;COLEGIO SILVA SERPA;São Pedro da Aldeia
31369977;COL CHROMOS BARREIRO;Belo Horizonte
35499778;ILIMIT EDUCACIONAL;Americana
29178223;COLEGIO APOIO LTDA;Lauro de Freitas
33147809;COLEGIO PALAS;Rio de Janeiro
33043086;ESC GEORGE MARCH LTDA;Teresópolis
31371726;SOPHIS EDUCACIONAL;Divinópolis
35135550;COLEGIO SANTA VIRGINIA;São Paulo
35197440;COLEGIO AZ INTERNACIONAL;Bragança Paulista
35104991;BENJAMIN CONSTANT COLEGIO;São Paulo
31346314;COLEGIO IMP LTDA;Lavras
41407423;COLEGIO BERTONI - ENSINO FUNDAMENTAL E MEDIO;Foz do Iguaçu
35192399;COLEGIO ACADEMIA;Jaú
33161429;COLEGIO E CURSO PENSI;Niterói
33202109;MART EDUCACAO LTDA;Rio de Janeiro
31321079;COL CIDADE DE PATOS DE MINAS DE ENSINO FUNDAMENTAL E MEDIO;Patos de Minas
25115260;SECULO COLEGIO E CURSO;João Pessoa
43215572;COLEGIO FLEMING PELOTAS;Pelotas
35107542;ESCOLA BILINGUE PUERI DOMUS UNIDADE I VERBO DIVINO;São Paulo
35258143;NOVO COLEGIO SISTEMA DE ENSINO DE FRANCA LTDA;Franca
35125726;PERSPECTIVA ESCOLA;São Paulo
29427924;ESCOLA MONTEIRO LOBATO -UNIDADE 2;Luís Eduardo Magalhães
43069002;COLEGIO DOM FELICIANO;Gravataí
31371777;COLEGIO GABARITO;Araxá
32074182;CENTRO DE ENSINO COLATINENSE DARWIN;Colatina
35113207;DIVINO SALVADOR COLEGIO;Jundiaí
35143352;CIDADE DE ITU COLEGIO;Itu
33041130;COLEGIO BOM JESUS SAO JOSE;Petrópolis
25130676;CENTRO DE ENSINO E EDUCACAO DA BORBOREMA LDTA;Campina Grande
35165943;ATLANTICO DE ENSINO INSTITUTO;Piracicaba
35141264;DOMINUS VIVENDI COLEGIO EIFM;São Paulo
35439368;COLEGIO PROGRESSO BILINGUE;Indaiatuba
41386329;ALDEIA DO SOL CEI EF M;Guarapuava
35100473;SANTA TERESINHA COLEGIO SALESIANO;São Paulo
52090388;CENTRO EDUCACIONAL IMPACTO LTDA- COLEGIO EXITO;Jataí
31006386;COLEGUIUM - UNIDADE JARAGUA;Belo Horizonte
35113724;CIDADE DE PIRACICABA COLEGIO;Piracicaba
41138430;BOM JESUS SAO JOSE DOS PINHAIS COL EDUC INFANTIL ENSINO FUNDAMENTAL E MEDIO;São José dos Pinhais
31354848;COLEGIO LOSANGO DE LAVRAS;Lavras
51027909;COLEGIO LA SALLE ATEC;Tangará da Serra
31368342;COLEGUIUM - UNIDADE INTERNACIONAL BURITIS;Belo Horizonte
53005457;CENTRO DE ENSINO SANTA RITA DE CASSIA;Brasília
33199558;COLEGIO CENTRO DE ESTUDOS;Campos dos Goytacazes
29182433;COLEGIO NOSSA SENHORA DA CONCEICAO;Salvador
52094111;COLEGIO DELOS LTDA;Aparecida de Goiânia
43097782;COLEGIO NOTRE DAME;Passo Fundo
23263741;CWD MAXIMUS COLEGIO;Fortaleza
33135169;GRUPO FARIA BRITO - OFICINA DA CRIANCA;Rio de Janeiro
35006190;COLEGIO PROGRESSO ITU;Itu
24285323;OVER COLEGIO E CURSO;Natal
42080746;COLEGIO CONSUL CARLOS RENAUX;Brusque
32038240;COLEGIO SAO JOSE;Vila Velha
35107773;SUICO BRASILEIRA SAO PAULO ESCOLA;São Paulo
35175420;CRESCER DE JUNDIAI COLEGIO;Jundiaí
32083343;SEB ESCOLAS DE ALTA PERFORMANCE S A;Vila Velha
23235900;COLEGIO LOURENCO FILHO - PARANGABA;Fortaleza
33088780;CENTRO EDUCACIONAL PEREIRA ROCHA;São Gonçalo
31005088;COLEGUIUM - UNIDADE INTERNACIONAL BELVEDERE;Belo Horizonte
25134167;CENTRO DE ENSINO E SERVICOS PREPARATORIOS DE VESTIBULARES LTDA;Campina Grande
33196770;COLEGIO E CURSO CARVALHO BRAGA;Teresópolis
35158823;FUTURO ESCOLA DO;São Paulo
33228604;COLEGIO E CURSO AZ - UNIDADE BOTAFOGO;Rio de Janeiro
35126044;CURSOS PROVE ESCOLA DE ENSINO FUNDAMENTAL E MEDIO;Marília
42003903;COLEGIO ELISA ANDREOLI;São José
33120544;COLEGIO E CURSO PENSI;Campos dos Goytacazes
43215360;COLEGIO FLEMING PASSO FUNDO;Passo Fundo
33176671;COLEGIO INSTITUTO MARCOS FREITAS;Rio de Janeiro
35139208;ATENEU DE SAO CAETANO DO SUL COLEGIO UNIDADE III;São Caetano do Sul
35155664;CIDADE DE ATIBAIA COLEGIO;Atibaia
29433002;COOPERATIVA EDUCACIONAL DE BARREIRAS;Barreiras
24003662;COLEGIO MENINO DEUS LTDA;Mossoró
21182345;COLEGIO EDUCAR DOM BOSCO;Balsas
53020057;ESC SEB AZ BRASILIA;Brasília
31358541;COLEGUIUM - UNIDADE CARLOS PRATES;Belo Horizonte
31361500;COLEGIO PROFESSOR ROBERTO HERBSTER GUSMAO;Sete Lagoas
35104449;NOSSA SENHORA DAS GRACAS ESCOLA;São Paulo
26529807;COLEGIO E CURSO CP;Jaboatão dos Guararapes
28037863;REDE DE ENSINO LIBERTAR LTDA;Lagarto
33189820;COLEGIO GERACAO Z LTDA;Rio de Janeiro
33160180;ENSINO MEDIO MONTEIRO LOBATO LTDA;Rio de Janeiro
32053070;ESCOLA GUIMARAES ROSA LTDA;Cachoeiro de Itapemirim
52033295;COLEGIO DINAMICO;Goiânia
33201927;PB COLEGIO E CURSO;Niterói
29494109;ESCOLA REMBRANDT;Salvador
25133985;CENTRO DE ENSINO HBS LTDA;João Pessoa
41068610;COLEGIO VICENTINO IMACULADO CORACAO DE MARIA;Toledo
43022324;COLEGIO SCALABRINIANO NOSSA SENHORA MEDIANEIRA;Bento Gonçalves
25132059;ALGORITMO COLEGIO E CURSO;João Pessoa
33187924;QI QUALIDADE INTEGRAL DE ENSINO LTDA;Rio de Janeiro
29439833;CENTRO DE EDUCACAO MARIA CELINA;Porto Seguro
31368520;CENTRO EDUCACIONAL EUROPA;Pouso Alegre
33166820;COLEGIO E CURSO PENSI;Rio de Janeiro
41377168;COLEGIO DOM BOSCO BATEL;Curitiba
29354900;INSTITUTO ASSOCIADOS SABER E CULTURA;Eunápolis
43205542;ESCOLA DE ENSINO MEDIO CAMINHO;Caxias do Sul
14000814;CENTRO DE EDUCACAO INTEGRADA COLMEIA LTDA;Boa Vista
52103994;COLEGIO SELECTUS LTDA;Águas Lindas de Goiás
32034377;COLEGIO CASTRO ALVES;Cariacica
32038720;ESCOLA SANTA ADAME;Vila Velha
35116361;SANTO ANDRE COLEGIO;São José do Rio Preto
53018273;COL IDEAL UNIDADE JARDIM BOTANICO;Brasília
42006708;COLEGIO SAO JOSE;Tubarão
33063516;COLEGIO NOSSA SENHORA DE LOURDES;Rio de Janeiro
41390024;COLEGIO E CURSO ELITE CURITIBA;Curitiba
53032012;COL BARAO DO RIO BRANCO;Brasília
