codigo_escola;NO_ENTIDADE;cidade;UF;rank_municipio;n_escolas_confiaveis_municipio;score_destaque;segmento_comercial;endereco_completo
15209806;CENTRO EDUCACIONAL FONTE DO SABER;Ananindeua;PA;2;21;0,657;Desafiante (2º-5º local);TRINTA E DOIS, 15 - MAGUARI - CEP 67145-345
15173330;COLEGIO LA SALLE ANANIDEUA;Ananindeua;PA;7;21;0,466;Outras posições;GOVERNADOR HELIO DA MOTA GUEIROS, 49 - COQUEIRO - CEP 67120-370
15164543;SISTEMA EDUCACIONAL CRISTAO SEMEAR;Ananindeua;PA;9;21;0,406;Outras posições;CARLOS ANO BOM, 565 - AGUAS BRANCAS - CEP 67033-660
15096009;SISTEMA INTEGRADO DE ENSINO LIMA PINHEIRO;Ananindeua;PA;10;21;0,392;Outras posições;EVANGELICA, 47 - COQUEIRO - CEP 67113-540
52099490;COLEGIO LIDER;Aparecida de Goiânia;GO;2;15;0,692;Desafiante (2º-5º local);JOSE ADVINCULA DA CUNHA - SETOR DOS AFONSOS - CEP 74915-330
52031772;COLEGIO SUL D AMERICA LTDA;Aparecida de Goiânia;GO;7;15;0,438;Outras posições;ZOROASTRO ARTIAGA - JARDIM NOVA ERA - CEP 74916-180
52079872;COLEGIO FUNDACAO BRADESCO;Aparecida de Goiânia;GO;8;15;0,378;Outras posições;J 2 - PAPILLON PARK - CEP 74950-170
52096807;COLEGIO VERITAS II;Aparecida de Goiânia;GO;9;15;0,354;Outras posições;SALDANHA MARINHO, S/N - VILA CRUZEIRO DO SUL - CEP 74917-270
52031799;COLEGIO DE APLICACAO ALFREDO NASSER;Aparecida de Goiânia;GO;10;15;0,34;Outras posições;BELA VISTA, 26 - JARDIM DAS ESMERALDAS - CEP 74905-020
27215083;ESCOLA DE ENSINO FUNDAMENTAL SANTA CLARA DE ASSIS;Arapiraca;AL;4;15;0,589;Desafiante (2º-5º local);JOSE ALEXANDRE DE ALBUQUERQUE, 385 - BAIXÃO - CEP 57305-400
27258009;COLEGIO MULTIVISAO;Arapiraca;AL;5;15;0,576;Desafiante (2º-5º local);SAO JOAO, 680 - CAITITUS - CEP 57311-225
27016439;COLEGIO NOSSA SENHORA ROSA MISTICA;Arapiraca;AL;8;15;0,369;Outras posições;ESTUDANTE JOSE DE OLIVEIRA LEITE, 207 - CENTRO - CEP 57300-310
27255018;COLEGIO SAGRADA FAMILIA;Arapiraca;AL;9;15;0,362;Outras posições;DOM PEDRO II, 341 - OURO PRETO - CEP 57301-150
27056589;COLEGIO ALFA ENSINO FUNDAMENTAL E ENSINO MEDIO LTDA;Arapiraca;AL;10;15;0,326;Outras posições;JOSE CAVALCANTE BEZERRA DE BARROS, 103 - NOVO HORIZONTE - CEP 57312-540
35160453;BALAO AZUL DINAMICO ESCOLA EDUCACAO INF E ENS FUNDAMENTAL;Bauru;SP;9;18;0,494;Outras posições;BERNARDINO DE CAMPOS, 881 - VILA SOUTO - CEP 17051-000
25071068;COLEGIO DJANIRA TAVARES;Campina Grande;PB;10;19;0,65;Outras posições;DOUTOR JOAO CARIRI, 160 - CRUZEIRO - CEP 58415-600
50007874;CENTRO DE ENS NOSSA SENHORA AUXILIADORA;Campo Grande;MS;10;29;0,697;Outras posições;PEDRO CELESTINO, 1980 - CENTRO - CEP 79002-371
33106754;COLEGIO PROFESSOR CLOVIS TAVARES PRO-UNI;Campos dos Goytacazes;RJ;5;16;0,698;Desafiante (2º-5º local);RUA  RIACHUELO, 470 - PARQUE TURF CLUB - CEP 28013-450
33008523;COL JOAO PAULO II;Campos dos Goytacazes;RJ;7;16;0,589;Outras posições;VISCONDE DE ITABORAI, 524 - PARQUE ROSÁRIO - CEP 28026-149
33008612;COLEGIO ADVENTISTA DE CAMPOS;Campos dos Goytacazes;RJ;9;16;0,518;Outras posições;DOUTOR BEDA, 112 - PARQUE ROSÁRIO - CEP 28027-818
31277177;INST PEDAG CRESCER;Contagem;MG;5;15;0,621;Desafiante (2º-5º local);CORONEL BENJAMIM GUIMARAES, 1285 - INDUSTRIAL - CEP 32230-000
31376310;COLEGIO NIEDE GUIDON;Contagem;MG;6;15;0,551;Outras posições;RUA PAPA PAULO VI, 39 - INCONFIDENTES - CEP 32260-370
31279099;COLEGIO PAULO FREIRE;Contagem;MG;7;15;0,525;Outras posições;ANTONIO ALEIXO, 761 - NOVO PROGRESSO - CEP 32115-100
31277185;NUCLEO EDUC BRAZ NETTO;Contagem;MG;8;15;0,486;Outras posições;CORONEL BENJAMIM GUIMARAES, 901 - INDUSTRIAL - CEP 32235-000
31279102;COLEGIO SAO GERALDO;Contagem;MG;9;15;0,464;Outras posições;POLARES, 58 - JARDIM RIACHO DAS PEDRAS - CEP 32241-190
31236926;COLEGIO ESPIRITA PROFESSOR RUBENS COSTA ROMANELLI;Contagem;MG;10;15;0,444;Outras posições;DAS AMERICAS, 707 - KENNEDY - CEP 32145-000
35159177;SIDARTA COLEGIO;Cotia;SP;3;16;0,616;Desafiante (2º-5º local);FERNANDO NOBRE, 1332 - PARQUE RINCAO - CEP 06705-490
35568173;VIA SAPIENS EDUCACAO INTEGRADA;Cotia;SP;4;16;0,603;Desafiante (2º-5º local);ANESIA CARDOSO DE CARVALHO, 24 - GRANJA VIANA II - CEP 06707-035
35131490;MADRE IVA COLEGIO;Cotia;SP;9;16;0,414;Outras posições;NELSON RAINERI, 700 - RECANTO VISTA ALEGRE - CEP 06702-155
51039010;CEMA - CENTRO EDUCACIONAL MARIA AUXILIADORA;Cuiabá;MT;8;25;0,674;Outras posições;DOM AQUINO, 449 - DOM AQUINO - CEP 78015-200
51064529;COLEGIO VILA REAL LTDA - ME;Cuiabá;MT;10;25;0,641;Outras posições;ROD. ARQ. HELDER CANDIA,  BLOCO B, 101 - JARDIM UBIRAJARA - CEP 78049-508
33101469;JD ESC MARIA FUMACA LTDA CENTRO EDUC RENASCER;Duque de Caxias;RJ;3;21;0,567;Desafiante (2º-5º local);PARANA - VILA SANTA CRUZ - CEP 25240-260
33194270;ISEM INSTITUTO SILOE DE ENSINO MODERNO;Duque de Caxias;RJ;5;21;0,507;Desafiante (2º-5º local);GOVERNADOR LEONEL DE MOURA BRIZOLA, 1511 - CENTRO - CEP 25010-009
33049416;ESC VENANCIO PEREIRA VELLOSO;Duque de Caxias;RJ;7;21;0,38;Outras posições;NILO PECANHA, 2716 - PARQUE LAFAIETE - CEP 25025-000
33185433;COLEGIO FORCA MAXIMA DE DUQUE DE CAXIAS LTDA;Duque de Caxias;RJ;8;21;0,319;Outras posições;BRIGADEIRO LIMA E SILVA, 1630 - JARDIM VINTE E CINCO DE AGOSTO - CEP 25071-182
33110549;AMETISTA EMPREENDIMENTOS EDUCACIONAIS LTDA - COLEGIO CRISTAO OLIVEIRA ARAUJO;Duque de Caxias;RJ;9;21;0,315;Outras posições;XEREM, 101 - PARQUE XERÉM - CEP 25241-390
33048185;COLEGIO E CURSO MATRIZ EDUCACAO;Duque de Caxias;RJ;10;21;0,302;Outras posições;MARCILIO DIAS, 113 - JARDIM VINTE E CINCO DE AGOSTO - CEP 25075-200
29410991;CENTRO DE EDUCACAO M FIGUEIREDO;Feira de Santana;BA;8;20;0,64;Outras posições;RUA COMENDADOR GOMES AV 1 CAM 16, 16/18 - TOMBA - CEP 44091-554
35142360;ALMEIDA GASPARIN COLEGIO;Guarulhos;SP;10;56;0,595;Outras posições;CYRO SCHMUTZER FRANCO, 29 - JARDIM BOM CLIMA - CEP 07122-130
26168243;CENTRO PROFISSIONAL ESPECIAL I;Jaboatão dos Guararapes;PE;6;22;0,433;Outras posições;DOUTOR ANICETO VAREJAO, 758 - PIEDADE - CEP 54420-310
26110130;ESCOLA DE EDUCACAO BASICA E PROFISSIONAL PROFESSORA VALENTINA DE OLIVEIRA FIGUEIREDO;Jaboatão dos Guararapes;PE;8;22;0,394;Outras posições;VICENTE ADOLFO DA SILVA, 1400 - DOIS CARNEIROS - CEP 54280-293
26191423;COLEGIO ELO;Jaboatão dos Guararapes;PE;9;22;0,375;Outras posições;ANTONIO FERREIRA CAMPOS, 2718 - CANDEIAS - CEP 54430-050
26110105;YAPOATAM COLEGIO E CURSO LTDA;Jaboatão dos Guararapes;PE;10;22;0,363;Outras posições;BARAO DE LUCENA, 99 - CENTRO - CEP 54110-005
35481397;ANTONI GAUDI COLEGIO;Jundiaí;SP;9;28;0,684;Outras posições;HUMBERTO CERESER, 2213 - CAXAMBU - CEP 13218-711
41031814;MAE DE DEUS C - EI EF M;Londrina;PR;10;21;0,664;Outras posições;RIO DE JANEIRO, 670 - CENTRO - CEP 86010-150
16011244;COLEGIO ESTACAO;Macapá;AP;2;15;0,661;Desafiante (2º-5º local);CLAUDOMIRO DE MORAES, 1390 - NOVO BURITIZAL - CEP 68904-001
16011570;COLEGIO EXPANSIVO;Macapá;AP;3;15;0,632;Desafiante (2º-5º local);DE DUCA SERRA, 1469 - CABRALZINHO - CEP 68906-801
16002016;COLEGIO SANTA BARTOLOMEA CAPITANIO;Macapá;AP;4;15;0,624;Desafiante (2º-5º local);DUQUE DE CAXIAS, 908 - CENTRAL - CEP 68900-071
16012100;COLEGIO CONCEITO LTDA;Macapá;AP;5;15;0,595;Desafiante (2º-5º local);DOS XAVANTES, 174 - BEIROL - CEP 68902-110
16009380;CENTRO DE ENSINO PODIUM;Macapá;AP;9;15;0,466;Outras posições;LEOPOLDO MACHADO, 921 - JESUS DE NAZARÉ - CEP 68908-120
16012410;COLEGIO ELITTE;Macapá;AP;10;15;0,416;Outras posições;GENERAL OSORIO, 1341 - JESUS DE NAZARE - CEP 68908-127
27216845;COLEGIO FANTASTICO;Maceió;AL;7;61;0,686;Outras posições;AFRA PEREIRA LIMA, 105 - BENEDITO BENTES - CEP 57084-006
27051889;COLEGIO SANTA AMELIA UNIDADE GRUTA;Maceió;AL;9;61;0,638;Outras posições;INDUSTRIAL MARIO LEAO, 704 - GRUTA DE LOURDES - CEP 57052-750
13105493;CONNEXUS ENSINO FUNDAMENTAL E MEDIO LTDA;Manaus;AM;10;47;0,694;Outras posições;FRANCO DE SA, 230 - SÃO FRANCISCO - CEP 69079-210
41165055;PREMERE CEM;Maringá;PR;8;20;0,614;Outras posições;RUA JOSE ALVES NENDO, 1390 - JARDIM SAO SILVESTRE - CEP 87055-000
35290762;ASSOCIACAO DE DESENVOLVIMENTO EDUCACIONAL CSM;Mogi das Cruzes;SP;6;22;0,653;Outras posições;LAURINDA CARDOSO MELLO FREIRE, 161 - VILA OLIVEIRA - CEP 08780-280
35299182;MILLENIUM CONSTRUTIVO COLEGIO;Mogi das Cruzes;SP;8;22;0,63;Outras posições;ANTONIO DE ALMEIDA, 170 - JARDIM MARICA - CEP 08775-420
33060266;INST DE ED PAULO DE TARSO;Nova Iguaçu;RJ;8;32;0,381;Outras posições;DONA CLARA DE ARAUJO, 1331 - PRATA - CEP 26010-390
33199876;NOVO ENSINO COLEGIO E CURSO LTDA;Nova Iguaçu;RJ;9;32;0,37;Outras posições;JUIZ ALBERTO NADER, 300 - DA LUZ - CEP 26255-291
33111260;CENTRO EDUCACIONAL PINHEIROS;Nova Iguaçu;RJ;10;32;0,337;Outras posições;CAETANO LUIZ MUZE, 110 - PARAÍSO - CEP 26297-021
35800200;COLEGIO CUNHA DE CARVALHO;Osasco;SP;4;30;0,651;Desafiante (2º-5º local);HILDEBRANDO DE LIMA, 407 - VILA QUITAUNA - CEP 06190-160
35809111;ATENEU COLEGIO;Osasco;SP;9;30;0,534;Outras posições;SANTO ANTONIO, 1884 - BELA VISTA - CEP 06083-205
33102341;INST METODISTA DE PETROPOLIS;Petrópolis;RJ;7;18;0,674;Outras posições;MARECHAL DEODORO, 80 - CENTRO - CEP 25620-150
35123146;COLEGIO LUXON EIEFEM;Piracicaba;SP;9;22;0,617;Outras posições;JOSE FERRAZ DE CAMARGO, 292 - SAO DIMAS - CEP 13416-060
35304888;TALES DE MILETO COLEGIO;Piracicaba;SP;10;22;0,596;Outras posições;CONCEICAO, 439 - VILA REZENDE - CEP 13405-280
35449143;VILA VERDE CENTRO EDUCACIONAL;Praia Grande;SP;3;15;0,424;Desafiante (2º-5º local);PRESIDENTE KENNEDY, 4000 - TUPI - CEP 11703-200
35136876;UNIVERSO COLEGIO;Praia Grande;SP;4;15;0,359;Desafiante (2º-5º local);GUILHERME DE ALMEIDA, 27 - OCIAN - CEP 11704-210
35805257;NOVOMUNDO COLEGIO;Praia Grande;SP;5;15;0,316;Desafiante (2º-5º local);MALLET MARECHAL, 392 - CANTO DO FORTE - CEP 11700-400
35151063;FRANCA COLEGIO;Praia Grande;SP;6;15;0,268;Outras posições;ANTONIO REINALDO GONCALVES, 468 - CAICARA - CEP 11707-120
35583303;COLEGIO AEON LITORAL;Praia Grande;SP;7;15;0,213;Outras posições;BARTOLOMEU DIAS, 205 - AVIACAO - CEP 11702-620
35167666;COLEGIO TRIVIUM;Praia Grande;SP;8;15;0,206;Outras posições;KENNEDY PRESIDENTE, 2253 - GUILHERMINA - CEP 11702-200
35119748;FORTEC ESCOLA TECNICA UNIDADE II;Praia Grande;SP;9;15;0,203;Outras posições;INDAIA, 119 - GUILHERMINA - CEP 11701-440
35006289;COLEGIO JEAN PIAGET UNIDADE III;Praia Grande;SP;10;15;0,128;Outras posições;GUILHERMINA, 413 - GUILHERMINA - CEP 11701-500
35143736;O BOSQUE ENSINO FUNDAMENTAL E MEDIO;Santo André;SP;4;32;0,682;Desafiante (2º-5º local);ANTONIO MAGALHAES, 202 - VILA ALZIRA - CEP 09195-070
35140909;PRO SABER INSTITUTO DE ENSINO;Santo André;SP;9;32;0,515;Outras posições;ONZE DE JUNHO, 312 - CASA BRANCA - CEP 09015-520
35124631;TREVO MASTER GRUPO EDUCACIONAL;Santo André;SP;10;32;0,447;Outras posições;PEDRO AMERICO, 925 - VILA HOMERO THON - CEP 09110-560
35005953;COLEGIO AEON EDUCACIONAL;Santos;SP;6;30;0,594;Outras posições;CONSELHEIRO NEBIAS, 626 - BOQUEIRÃO - CEP 11045-002
35109721;SAO JOSE COLEGIO;Santos;SP;7;30;0,592;Outras posições;ANA COSTA, 373 - GONZAGA - CEP 11060-003
35109733;STELLA MARIS COLEGIO;Santos;SP;9;30;0,564;Outras posições;CONSELHEIRO NEBIAS, 771 - BOQUEIRAO - CEP 11045-003
35122968;SOROCABA COLEGIO ENSINO INFANTIL E FUNDAMENTAL;Sorocaba;SP;5;25;0,666;Desafiante (2º-5º local);ATANAZIO SOARES, 3700 - VILA FORMOSA - CEP 18076-141
35155779;COLEGIO INTEGRADO VERITAS;Sorocaba;SP;10;25;0,598;Outras posições;DOUTOR LUIZ MENDES DE ALMEIDA, 848 - VILA ESPIRITO SANTO - CEP 18051-290
35119611;HARMONIA COLEGIO;São Bernardo do Campo;SP;7;31;0,675;Outras posições;CAMINHO DO MAR, 2709 - RUDGE RAMOS - CEP 09611-000
35109010;COLEGIO BOM JESUS SAO JOSE;São Bernardo do Campo;SP;8;31;0,673;Outras posições;FLAQUER DOUTOR, 334 - CENTRO - CEP 09710-180
33090734;COL JEAN PIAGET;São Gonçalo;RJ;4;28;0,636;Desafiante (2º-5º local);PRADO LOPES, 1 - JARDIM CATARINA - CEP 24717-067
33187100;COLEGIO COGITARE;São Gonçalo;RJ;7;28;0,617;Outras posições;DOUTOR FRANCISCO PORTELA, 2645 - CENTRO - CEP 24440-396
33170347;COLEGIO M3;São Gonçalo;RJ;9;28;0,577;Outras posições;CORONEL SERRADO, 1422 - ZÉ GAROTO - CEP 24440-000
33126000;CENTRO EDUC OLIVIA LIMA E JD DE INF MIRIM LTDA;São Gonçalo;RJ;10;28;0,561;Outras posições;GALILEU, 121 - RIO DO OURO - CEP 24753-310
31380210;COLEGIO ANN MACKENZIE UNIDADE GAVEA - KARAIBA;Uberlândia;MG;10;20;0,654;Outras posições;TUPA, 390 - JARDIM KARAÍBA - CEP 38411-376
32083351;COLEGIO PRIMEIRO MUNDO;Vila Velha;ES;6;21;0,674;Outras posições;JOAO JOAQUIM DA MOTA, 431 - PRAIA DA COSTA - CEP 29101-200
