codigo_municipio,populacao_0_17
1100015,5688
1100023,25664
1100031,1372
1100049,21209
1100056,4070
1100064,3741
1100072,1865
1100080,3935
1100098,7746
1100106,12761
1100114,12813
1100122,32347
1100130,8833
1100148,3795
1100155,8471
1100189,9055
1100205,125247
1100254,4647
1100262,916
1100288,14158
1100296,1779
1100304,25285
1100320,5778
1100338,7978
1100346,3216
1100379,3165
1100403,4480
1100452,7945
1100502,1840
1100601,1107
1100700,2528
1100809,6711
1100908,778
1100924,2858
1100940,4474
1101005,2100
1101104,2657
1101203,1529
1101302,2228
1101401,3011
1101435,1569
1101450,1115
1101468,636
1101476,797
1101484,1185
1101492,4803
1101500,3039
1101559,1011
1101609,2033
1101708,2644
1101757,2075
1101807,1502
1200013,4631
1200054,3096
1200104,8193
1200138,4291
1200179,3390
1200203,30404
1200252,5875
1200302,13922
1200328,4534
1200336,6978
1200344,4577
1200351,7483
1200385,5292
1200393,4691
1200401,103032
1200427,5638
1200435,3365
1200450,6512
1200500,13876
1200609,17586
1200708,5928
1200807,5432
1300029,6617
1300060,4696
1300086,3786
1300102,6329
1300144,6467
1300201,6926
1300300,15919
1300409,7707
1300508,12710
1300607,16164
1300631,8855
1300680,8865
1300706,11807
1300805,12769
1300839,4941
1300904,5507
1301001,10907
1301100,10756
1301159,6458
1301209,26659
1301308,8900
1301407,13278
1301506,6812
1301605,10231
1301654,5220
1301704,19657
1301803,10055
1301852,20230
1301902,35197
1301951,4807
1302009,3636
1302108,3840
1302207,4211
1302306,11629
1302405,16520
1302504,35812
1302553,6012
1302603,585839
1302702,19896
1302801,6919
1302900,25137
1303007,7267
1303106,10854
1303205,6051
1303304,8541
1303403,33262
1303502,7868
1303536,10358
1303569,8400
1303601,6199
1303700,12773
1303809,21601
1303908,15167
1303957,4321
1304005,4519
1304062,27373
1304104,7392
1304203,28522
1304237,8535
1304260,6009
1304302,6313
1304401,7826
1400027,6494
1400050,9601
1400100,129162
1400159,6097
1400175,7147
1400209,7678
1400233,3792
1400282,3655
1400308,6445
1400407,7264
1400456,8536
1400472,11100
1400506,2997
1400605,2357
1400704,7745
1500107,46262
1500131,1886
1500206,19861
1500305,14869
1500347,5757
1500404,25447
1500503,12461
1500602,38668
1500701,11719
1500800,116590
1500859,11559
1500909,15696
1500958,8169
1501006,6765
1501105,14606
1501204,14978
1501253,1238
1501303,38788
1501402,289801
1501451,5909
1501501,17886
1501576,4866
1501600,3623
1501709,37717
1501725,7464
1501758,2155
1501782,15388
1501808,42361
1501907,8184
1501956,6947
1502004,7715
1502103,43870
1502152,24898
1502202,18585
1502301,16594
1502400,51699
1502509,8333
1502608,3885
1502707,12451
1502756,9064
1502764,4820
1502772,6480
1502806,13320
1502855,5020
1502905,11514
1502939,18842
1502954,9496
1503002,3027
1503044,5435
1503077,7917
1503093,8448
1503101,12298
1503200,9873
1503309,21047
1503408,3156
1503457,10957
1503507,9484
1503606,38282
1503705,16198
1503754,10690
1503804,11700
1503903,19379
1504000,10152
1504059,10351
1504109,2387
1504208,81839
1504307,7532
1504406,7189
1504422,30766
1504455,8681
1504505,12902
1504604,8719
1504703,28435
1504752,7217
1504802,18749
1504901,15390
1504950,7351
1504976,4273
1505007,3172
1505031,10576
1505064,20635
1505106,17875
1505205,12957
1505304,24560
1505403,5263
1505437,10853
1505486,14031
1505494,2168
1505502,32893
1505536,84963
1505551,2133
1505601,2148
1505635,4106
1505650,6032
1505700,7966
1505809,25607
1505908,15311
1506005,12848
1506104,3081
1506112,3314
1506138,25070
1506161,5078
1506187,12997
1506195,12185
1506203,12544
1506302,7228
1506351,6170
1506401,2260
1506500,18513
1506559,6267
1506583,5126
1506609,6533
1506708,10423
1506807,102208
1506906,1774
1507003,8092
1507102,4658
1507151,6623
1507201,10827
1507300,20306
1507409,4095
1507458,7720
1507466,1314
1507474,6125
1507508,4516
1507607,16693
1507706,8974
1507755,1898
1507805,8141
1507904,7111
1507953,25157
1507961,3073
1507979,6171
1508001,23297
1508035,8956
1508050,5014
1508084,12057
1508100,27757
1508126,10754
1508159,14082
1508209,14041
1508308,21427
1508357,5275
1508407,15729
1600055,1573
1600105,2850
1600154,5311
1600204,3859
1600212,1750
1600238,2562
1600253,2248
1600279,11816
1600303,135885
1600402,8522
1600501,10328
1600535,6452
1600550,1572
1600600,34339
1600709,5292
1600808,4214
1700251,741
1700301,1340
1700350,1304
1700400,2022
1700707,2294
1701002,3028
1701051,835
1701101,1425
1701309,1447
1701903,1695
1702000,1919
1702109,47749
1702158,1324
1702208,9676
1702307,1489
1702406,2721
1702554,5273
1702703,819
1702901,3492
1703008,2042
1703057,985
1703073,1442
1703107,1229
1703206,1177
1703305,1299
1703602,570
1703701,1264
1703800,3188
1703826,608
1703842,3164
1703867,965
1703883,651
1703891,1086
1703909,1436
1704105,571
1704600,412
1705102,923
1705508,9787
1705557,1262
1705607,1158
1706001,1553
1706100,1570
1706258,382
1706506,1791
1707009,5163
1707108,1867
1707207,1646
1707306,1055
1707405,2470
1707553,927
1707652,1258
1707702,2122
1708205,5194
1708254,1022
1708304,1202
1709005,4497
1709302,6373
1709500,21635
1709807,452
1710508,2173
1710706,1459
1710904,1001
1711100,644
1711506,873
1711803,634
1711902,5013
1711951,1270
1712009,973
1712157,456
1712405,935
1712454,846
1712504,1326
1712702,863
1712801,987
1713205,4885
1713304,3338
1713601,1599
1713700,631
1713809,1399
1713957,980
1714203,2374
1714302,1247
1714880,3050
1715002,906
1715101,1239
1715150,449
1715259,702
1715507,365
1715705,1346
1715754,1737
1716109,14115
1716208,3036
1716307,1188
1716505,4087
1716604,2353
1716653,1292
1716703,2245
1717008,1314
1717206,624
1717503,2175
1717800,1081
1717909,2272
1718006,908
1718204,18685
1718303,3196
1718402,755
1718451,607
1718501,1090
1718550,1167
1718659,585
1718709,779
1718758,1372
1718808,1413
1718840,1035
1718865,2222
1718881,796
1718899,577
1718907,1419
1719004,943
1720002,695
1720101,1794
1720150,635
1720200,4085
1720259,644
1720309,1341
1720499,1164
1720655,1536
1720804,3214
1720853,422
1720903,3637
1720937,611
1720978,601
1721000,82473
1721109,3013
1721208,6843
1721257,531
1721307,498
1722081,3179
1722107,2990
2100055,31559
2100105,2247
2100154,3658
2100204,5142
2100303,8479
2100402,1842
2100436,7795
2100477,8884
2100501,3505
2100550,2495
2100600,13935
2100709,7143
2100808,4368
2100832,5399
2100873,3612
2100907,11436
2100956,9373
2101004,8328
2101103,3594
2101202,29979
2101251,5252
2101301,4830
2101350,1457
2101400,31668
2101509,5074
2101608,26661
2101707,22569
2101731,3378
2101772,3824
2101806,1492
2101905,5093
2101939,1668
2101970,2795
2102002,11314
2102036,10422
2102077,3519
2102101,10881
2102150,3046
2102200,10610
2102309,7161
2102325,19451
2102358,4104
2102374,3490
2102408,3027
2102507,5523
2102556,3792
2102606,6595
2102705,7577
2102754,3412
2102804,7011
2102903,7911
2103000,45452
2103109,2667
2103125,2323
2103158,4785
2103174,6018
2103208,26462
2103257,3967
2103307,35479
2103406,13133
2103505,12528
2103554,5219
2103604,18298
2103703,8792
2103752,4342
2103802,6618
2103901,3371
2104008,5273
2104057,10229
2104073,2469
2104081,4180
2104099,5474
2104107,3790
2104206,5543
2104305,3269
2104404,5243
2104503,2992
2104552,5710
2104602,4282
2104628,2142
2104651,3383
2104677,7815
2104701,1759
2104800,25741
2104909,2654
2105005,9136
2105104,8054
2105153,4860
2105203,2830
2105302,73144
2105351,5129
2105401,19546
2105427,6578
2105450,2339
2105476,7040
2105500,7410
2105609,4725
2105658,1713
2105708,13508
2105807,2798
2105906,4896
2105922,3145
2105948,2424
2105963,3973
2105989,2115
2106003,3206
2106102,3392
2106201,2219
2106300,4093
2106326,7716
2106359,2527
2106375,5157
2106409,5705
2106508,6761
2106607,10785
2106631,5368
2106672,2937
2106706,6461
2106755,6830
2106805,4087
2106904,9841
2107001,2793
2107100,6284
2107209,4710
2107258,1601
2107308,1213
2107357,4572
2107407,4788
2107456,4195
2107506,39656
2107605,6419
2107704,5350
2107803,10106
2107902,5333
2108009,5711
2108058,6099
2108108,6538
2108207,9782
2108256,8682
2108306,11274
2108405,2975
2108454,6648
2108504,9961
2108603,24458
2108702,6791
2108801,5352
2108900,4632
2109007,7016
2109056,1641
2109106,12858
2109205,4052
2109239,1420
2109270,6293
2109304,3848
2109403,4807
2109452,9414
2109502,6704
2109551,2307
2109601,11555
2109700,1662
2109759,2065
2109809,13144
2109908,24769
2110005,19505
2110039,7300
2110104,7656
2110203,11691
2110237,3436
2110278,4875
2110302,4069
2110401,6569
2110500,14281
2110609,8218
2110658,2578
2110708,10399
2110807,1236
2110856,2808
2110906,3410
2111003,5207
2111029,4420
2111052,2888
2111078,5724
2111102,6924
2111201,66377
2111250,2122
2111300,246007
2111409,5323
2111508,11856
2111532,4652
2111573,1685
2111607,5623
2111631,1772
2111672,1429
2111706,5620
2111722,2750
2111748,3391
2111763,4510
2111789,3335
2111805,5301
2111904,3055
2111953,1452
2112001,3008
2112100,8882
2112209,49698
2112233,6429
2112274,1880
2112308,10691
2112407,12754
2112456,11435
2112506,17657
2112605,11960
2112704,15073
2112803,16526
2112852,3387
2112902,9573
2113009,8792
2114007,12607
2200053,1620
2200103,1199
2200202,4710
2200251,1535
2200277,1180
2200301,3136
2200400,12390
2200459,1588
2200509,4954
2200608,1635
2200707,2604
2200806,859
2200905,1228
2200954,524
2201002,1148
2201051,2281
2201101,3007
2201150,4470
2201176,973
2201200,13662
2201309,915
2201408,1783
2201507,6804
2201556,1003
2201572,793
2201606,2449
2201705,1517
2201739,1845
2201770,1920
2201804,823
2201903,8542
2201919,1463
2201929,1565
2201945,1756
2201960,2072
2201988,948
2202000,5560
2202026,1802
2202059,2474
2202075,796
2202083,2020
2202091,1361
2202109,1225
2202117,1179
2202133,1529
2202174,2406
2202208,10251
2202251,887
2202307,4729
2202406,2881
2202455,1029
2202505,2977
2202539,1516
2202554,1380
2202604,5117
2202653,1569
2202703,7889
2202711,1215
2202729,1687
2202737,1101
2202752,1687
2202778,1648
2202802,1175
2202851,996
2202901,7815
2203008,2209
2203107,3105
2203206,3266
2203230,1434
2203255,1329
2203271,1514
2203305,4486
2203354,1826
2203404,1372
2203420,1130
2203453,2145
2203503,3028
2203602,1039
2203701,11024
2203750,1523
2203800,1153
2203859,486
2203909,15255
2204006,1110
2204105,1158
2204154,721
2204204,1974
2204303,2367
2204352,1357
2204402,3314
2204501,2716
2204550,1287
2204600,898
2204659,2499
2204709,3579
2204808,2257
2204907,2224
2205003,2270
2205102,2495
2205151,1321
2205201,4541
2205250,1078
2205276,938
2205300,1116
2205359,760
2205409,3850
2205458,1563
2205508,11408
2205516,1258
2205524,1532
2205532,1205
2205540,796
2205557,2245
2205565,1282
2205573,1721
2205581,1346
2205599,1129
2205607,1328
2205706,8170
2205805,6935
2205854,2470
2205904,1245
2205953,2545
2206001,1306
2206050,1195
2206100,3269
2206209,10143
2206308,365
2206357,1611
2206407,2585
2206506,1783
2206605,3376
2206654,1326
2206670,1791
2206696,2873
2206704,1708
2206720,3042
2206753,1221
2206803,2587
2206902,1377
2206951,660
2207009,9573
2207108,717
2207207,1513
2207306,1070
2207355,623
2207405,1381
2207504,3943
2207553,860
2207603,3122
2207702,40262
2207751,1111
2207777,1141
2207793,992
2207801,5785
2207850,839
2207900,9631
2207934,669
2207959,1078
2208007,19343
2208106,2860
2208205,4537
2208304,7365
2208403,16296
2208502,4056
2208551,687
2208601,790
2208650,2047
2208700,2628
2208809,4861
2208858,1279
2208874,1098
2208908,1794
2209005,1365
2209104,1340
2209153,882
2209203,1864
2209302,1489
2209351,922
2209377,1142
2209401,1364
2209450,645
2209500,805
2209559,1050
2209609,623
2209658,1512
2209708,1280
2209757,835
2209807,1400
2209856,992
2209872,1581
2209906,1476
2209955,1167
2209971,2479
2210003,5819
2210052,1114
2210102,814
2210201,1615
2210300,1401
2210359,928
2210375,539
2210383,529
2210391,748
2210409,4443
2210508,3960
2210607,10452
2210623,979
2210631,1217
2210656,2218
2210706,4110
2210805,3553
2210904,1017
2210938,1426
2210953,797
2210979,545
2211001,206747
2211100,13034
2211209,7518
2211308,5149
2211357,1405
2211407,1067
2211506,699
2211605,624
2211704,920
2300101,2664
2300150,3913
2300200,18305
2300309,10773
2300408,3604
2300507,2890
2300606,1797
2300705,3521
2300754,13161
2300804,1855
2300903,3246
2301000,19226
2301109,18236
2301208,6494
2301257,2844
2301307,5805
2301406,2968
2301505,1890
2301604,5457
2301703,5698
2301802,1297
2301851,4719
2301901,20650
2301950,5935
2302008,4459
2302057,3824
2302107,9119
2302206,12925
2302305,8577
2302404,12895
2302503,11933
2302602,16509
2302701,6374
2302800,19787
2302909,4637
2303006,4650
2303105,4380
2303204,7254
2303303,3909
2303402,4802
2303501,17711
2303600,2598
2303659,2660
2303709,93336
2303808,5150
2303907,3406
2303931,3413
2303956,5174
2304004,5613
2304103,18405
2304202,33450
2304236,4584
2304251,7968
2304269,1997
2304277,1582
2304285,19494
2304301,4604
2304350,6161
2304400,545863
2304459,4084
2304509,4320
2304608,1915
2304657,3683
2304707,15085
2304806,1257
2304905,2549
2304954,6546
2305001,11728
2305100,1299
2305209,4570
2305233,20298
2305266,3239
2305308,6728
2305332,2835
2305357,5345
2305407,15804
2305506,23601
2305605,5414
2305654,2889
2305704,3215
2305803,10715
2305902,9550
2306009,3416
2306108,7076
2306207,1720
2306256,14746
2306306,12400
2306405,37301
2306504,4771
2306553,12709
2306603,5661
2306702,4187
2306801,2623
2306900,7993
2307007,7384
2307106,7660
2307205,2081
2307254,7172
2307304,74039
2307403,6288
2307502,7284
2307601,13718
2307635,4520
2307650,60524
2307700,26123
2307809,7102
2307908,2995
2308005,10332
2308104,12336
2308203,4014
2308302,6360
2308351,3157
2308377,4116
2308401,10398
2308500,9343
2308609,4249
2308708,13697
2308807,2179
2308906,6792
2309003,3398
2309102,2856
2309201,4470
2309300,7612
2309409,6781
2309458,5935
2309508,4606
2309607,18269
2309706,22252
2309805,2963
2309904,1559
2310001,2210
2310100,2559
2310209,10293
2310258,8582
2310308,7945
2310407,2590
2310506,9767
2310605,2565
2310704,9890
2310803,3780
2310852,5932
2310902,3706
2310951,2629
2311009,3204
2311108,4616
2311207,2429
2311231,1444
2311264,5065
2311306,22552
2311355,3580
2311405,21044
2311504,5065
2311603,7116
2311702,4859
2311801,17178
2311900,3629
2311959,4970
2312007,8257
2312106,4817
2312205,9986
2312304,13612
2312403,14772
2312502,1062
2312601,2737
2312700,5749
2312809,2042
2312908,50452
2313005,4052
2313104,6830
2313203,6106
2313252,1838
2313302,14761
2313351,4969
2313401,23244
2313500,16860
2313559,4291
2313609,9331
2313708,1596
2313757,5055
2313807,5719
2313906,3679
2313955,4865
2314003,9280
2314102,17382
2400109,2227
2400208,13844
2400307,2774
2400406,739
2400505,3117
2400604,1061
2400703,3199
2400802,2677
2400901,1456
2401008,7889
2401107,5774
2401206,3591
2401305,2166
2401404,2323
2401453,7291
2401503,892
2401602,1224
2401651,555
2401701,2601
2401800,3243
2401859,1786
2401909,846
2402006,12809
2402105,2429
2402204,8700
2402303,4362
2402402,1944
2402501,2453
2402600,21880
2402709,2736
2402808,1230
2402907,1002
2403004,1705
2403103,9061
2403202,1718
2403251,58375
2403301,1497
2403400,1290
2403509,2822
2403608,17599
2403707,1235
2403756,709
2403806,2319
2403905,594
2404002,979
2404101,590
2404200,7832
2404309,2838
2404408,2302
2404507,4481
2404606,3191
2404705,3730
2404804,418
2404853,1954
2404903,1200
2405009,1849
2405108,1825
2405207,1152
2405306,2394
2405405,1368
2405504,653
2405603,3397
2405702,2033
2405801,9308
2405900,501
2406007,1240
2406106,3983
2406155,987
2406205,1879
2406304,1919
2406403,654
2406502,4101
2406601,2316
2406700,2361
2406809,1139
2406908,787
2407005,2459
2407104,22272
2407203,6396
2407252,1030
2407302,1789
2407401,1829
2407500,2919
2407609,1043
2407708,3166
2407807,6233
2407906,574
2408003,61785
2408102,165082
2408201,8128
2408300,8740
2408409,780
2408508,1084
2408607,991
2408706,746
2408805,1373
2408904,5243
2408953,2998
2409100,2766
2409209,762
2409308,2572
2409332,1301
2409407,6894
2409506,1025
2409605,618
2409704,1621
2409803,3900
2409902,3045
2410009,654
2410108,3277
2410207,1761
2410256,1415
2410306,2875
2410405,2734
2410504,1256
2410603,683
2410702,657
2410801,955
2410900,1895
2411007,993
2411056,1272
2411106,776
2411205,9684
2411403,2721
2411429,634
2411502,5554
2411601,902
2411700,963
2411809,709
2411908,950
2412005,30467
2412104,1263
2412203,13209
2412302,2703
2412401,1042
2412500,5956
2412559,2885
2412609,4112
2412708,1431
2412807,1629
2412906,2241
2413003,1429
2413102,1567
2413201,1266
2413300,1471
2413359,3778
2413409,1661
2413508,1587
2413557,1059
2413607,1151
2413706,1181
2413805,556
2413904,3050
2414001,3551
2414100,2618
2414159,1699
2414209,4496
2414308,438
2414407,9256
2414456,884
2414506,2060
2414605,3426
2414704,1309
2414753,766
2414803,2827
2414902,428
2415008,917
2500106,2497
2500205,1165
2500304,6920
2500403,5859
2500502,3822
2500536,1543
2500577,897
2500601,6433
2500700,3865
2500734,626
2500775,1981
2500809,4275
2500908,2989
2501005,4678
2501104,6112
2501153,493
2501203,1926
2501302,4992
2501351,1214
2501401,2954
2501500,5909
2501534,1226
2501575,2002
2501609,3134
2501708,1492
2501807,21058
2501906,3991
2502003,1497
2502052,1045
2502102,1390
2502151,1577
2502201,547
2502300,927
2502409,2990
2502508,4798
2502607,1404
2502706,1160
2502805,3350
2502904,1343
2503001,6429
2503100,1327
2503209,17126
2503308,2309
2503407,851
2503506,4276
2503555,2531
2503605,1727
2503704,14936
2503753,732
2503803,1526
2503902,1547
2504009,100924
2504033,2157
2504074,951
2504108,542
2504157,1762
2504207,1216
2504306,7191
2504355,1412
2504405,4580
2504504,1550
2504603,8161
2504702,1158
2504801,3784
2504850,365
2504900,4724
2505006,1972
2505105,4595
2505204,1884
2505238,1689
2505279,1359
2505303,559
2505352,1292
2505402,2188
2505501,899
2505600,1603
2505709,2849
2505808,817
2505907,836
2506004,8360
2506103,3055
2506202,586
2506251,2210
2506301,14655
2506400,3629
2506509,826
2506608,1372
2506707,3027
2506806,4569
2506905,5544
2507002,6157
2507101,5007
2507200,2943
2507309,3848
2507408,1701
2507507,194972
2507606,2034
2507705,5171
2507804,1780
2507903,2772
2508000,2328
2508109,1040
2508208,2107
2508307,7407
2508406,764
2508505,1932
2508554,1316
2508604,3712
2508703,930
2508802,1512
2508901,12845
2509008,3004
2509057,2925
2509107,5458
2509156,1682
2509206,3681
2509305,2628
2509339,1325
2509370,606
2509396,1791
2509404,3767
2509503,1611
2509602,1119
2509701,8070
2509800,2240
2509909,2432
2510006,1690
2510105,2466
2510204,1556
2510303,941
2510402,1583
2510501,847
2510600,693
2510659,391
2510709,647
2510808,25651
2510907,2716
2511004,951
2511103,1610
2511202,8007
2511301,3755
2511400,4586
2511509,3426
2511608,1998
2511707,1551
2511806,2486
2511905,5069
2512002,4901
2512036,1018
2512077,875
2512101,7614
2512200,1004
2512309,5501
2512408,3927
2512507,12810
2512606,444
2512705,4888
2512721,1594
2512747,775
2512754,1128
2512762,1254
2512788,526
2512804,2059
2512903,6548
2513000,902
2513109,2847
2513158,2109
2513208,1318
2513307,1288
2513356,856
2513406,3511
2513505,1229
2513604,1583
2513653,590
2513703,41074
2513802,994
2513851,574
2513901,7940
2513927,1079
2513943,665
2513968,575
2513984,670
2514008,987
2514107,1136
2514206,1775
2514305,1342
2514404,978
2514453,1637
2514503,4699
2514552,834
2514602,856
2514651,423
2514701,914
2514800,828
2514909,1768
2515005,1962
2515104,2857
2515203,847
2515302,13490
2515401,2867
2515500,3124
2515609,823
2515708,813
2515807,1659
2515906,1354
2515930,1312
2515971,2193
2516003,6733
2516102,3704
2516151,920
2516201,16396
2516300,3993
2516409,1998
2516508,3849
2516607,3793
2516706,4241
2516755,780
2516805,2402
2516904,3512
2517001,2473
2517100,577
2517209,1052
2517407,609
2600054,23793
2600104,10423
2600203,4946
2600302,6065
2600401,7647
2600500,13205
2600609,3520
2600708,9459
2600807,4908
2600906,4972
2601003,2773
2601052,5627
2601102,25616
2601201,20924
2601300,3379
2601409,11918
2601508,2724
2601607,5275
2601706,20803
2601805,3171
2601904,14400
2602001,9996
2602100,12349
2602209,9093
2602308,10225
2602407,2565
2602506,1975
2602605,13768
2602704,3406
2602803,16122
2602902,51604
2603009,8838
2603108,5167
2603207,8647
2603306,3047
2603405,1373
2603454,34264
2603504,4352
2603603,1994
2603702,6418
2603801,5168
2603900,4910
2603926,4065
2604007,18957
2604106,95556
2604155,3422
2604205,9108
2604304,2992
2604403,3739
2604502,5274
2604601,6715
2604700,4916
2604809,2752
2604908,3803
2605004,6219
2605103,10081
2605152,4603
2605202,15679
2605301,8894
2605400,5526
2605459,536
2605509,3826
2605608,5193
2605707,8895
2605806,3048
2605905,5245
2606002,37538
2606101,7907
2606200,21549
2606309,1894
2606408,20958
2606507,5123
2606606,7748
2606705,1839
2606804,29603
2606903,2746
2607000,8713
2607109,1226
2607208,28316
2607307,9363
2607406,1281
2607505,8825
2607604,5815
2607653,9649
2607703,3296
2607752,6589
2607802,4408
2607901,154562
2607950,2883
2608008,4427
2608057,4023
2608107,6734
2608206,3876
2608255,3243
2608305,4448
2608404,3855
2608453,4651
2608503,5115
2608602,3190
2608701,3835
2608750,7424
2608800,10883
2608909,12647
2609006,6249
2609105,3123
2609154,7891
2609204,2813
2609303,4326
2609402,13408
2609501,7379
2609600,77841
2609709,5477
2609808,4237
2609907,19233
2610004,14228
2610103,1937
2610202,6588
2610301,3409
2610400,5055
2610509,6995
2610608,15520
2610707,78837
2610806,6383
2610905,16654
2611002,10369
2611101,110307
2611200,2857
2611309,6917
2611408,3813
2611507,5165
2611533,1793
2611606,319633
2611705,4996
2611804,8594
2611903,6074
2612000,2346
2612109,1338
2612208,17634
2612307,3818
2612406,5042
2612455,3734
2612471,3275
2612505,26679
2612554,3253
2612604,12873
2612703,3734
2612802,2801
2612901,3708
2613008,14369
2613107,9868
2613206,6784
2613305,5422
2613404,5681
2613503,9623
2613602,7647
2613701,27731
2613800,4463
2613909,25033
2614006,5126
2614105,8580
2614204,11407
2614303,2849
2614402,1484
2614501,15773
2614600,7423
2614709,3405
2614808,7302
2614857,7117
2615003,6443
2615102,1873
2615201,2221
2615300,11321
2615409,12140
2615508,3812
2615607,9498
2615706,3395
2615805,8217
2615904,2051
2616001,4702
2616100,2554
2616183,1875
2616209,5834
2616308,6959
2616407,32753
2616506,3423
2700102,5690
2700201,3791
2700300,63413
2700409,11496
2700508,5023
2700607,2323
2700706,4837
2700805,1237
2700904,1751
2701001,5729
2701100,3039
2701209,2992
2701308,5096
2701357,1999
2701407,9448
2701506,2255
2701605,5052
2701704,4429
2701803,2986
2701902,1813
2702009,2975
2702108,4906
2702207,1534
2702306,14918
2702355,7664
2702405,14691
2702504,2741
2702553,4003
2702603,6452
2702702,1171
2702801,2777
2702900,10680
2703007,4240
2703106,6644
2703205,6070
2703304,5096
2703403,1551
2703502,1535
2703601,2918
2703700,1555
2703759,2819
2703809,5756
2703908,1190
2704005,6528
2704104,5283
2704203,7145
2704302,234605
2704401,4865
2704500,9856
2704609,2779
2704708,16843
2704807,3679
2704906,752
2705002,6818
2705101,7390
2705200,4645
2705309,1262
2705408,2190
2705507,8157
2705606,2958
2705705,6110
2705804,2662
2705903,1335
2706000,3146
2706109,3377
2706208,1286
2706307,18973
2706406,7188
2706422,3059
2706448,4024
2706505,4282
2706604,1765
2706703,16441
2706802,4742
2706901,10530
2707008,695
2707107,7173
2707206,3884
2707305,7056
2707404,2859
2707503,5956
2707602,3307
2707701,27276
2707800,2190
2707909,2005
2708006,13755
2708105,3350
2708204,1868
2708303,6244
2708402,10035
2708501,9926
2708600,14480
2708709,2446
2708808,9180
2708907,6786
2708956,3984
2709004,1505
2709103,5398
2709152,11366
2709202,7066
2709301,17532
2709400,6807
2800100,610
2800209,5179
2800308,136430
2800407,2809
2800506,4815
2800605,11172
2800670,6214
2800704,2618
2801009,4667
2801108,1101
2801207,8638
2801306,9174
2801405,5196
2801504,4198
2801603,1363
2801702,5212
2801900,942
2802007,1346
2802106,17594
2802205,1684
2802304,3841
2802403,2970
2802502,806
2802601,1491
2802700,2621
2802809,5343
2802908,25920
2803005,11576
2803104,1160
2803203,9822
2803302,4427
2803401,3929
2803500,25417
2803609,6962
2803708,1706
2803807,1068
2803906,3132
2804003,4667
2804102,2516
2804201,4327
2804300,2183
2804409,4675
2804458,2196
2804508,11055
2804607,6473
2804706,1658
2804805,54584
2804904,3835
2805000,727
2805109,1892
2805208,1455
2805307,2295
2805406,10831
2805505,5290
2805604,7704
2805703,7246
2805802,4656
2805901,2666
2806008,3832
2806107,2722
2806206,5290
2806305,4225
2806404,2323
2806503,1193
2806602,3157
2806701,25016
2806800,2648
2806909,849
2807006,821
2807105,10628
2807204,2310
2807303,930
2807402,12253
2807501,3290
2807600,6882
2900108,1356
2900207,5376
2900306,3667
2900355,3316
2900405,3485
2900504,2243
2900603,1076
2900702,36332
2900801,6863
2900900,1198
2901007,8711
2901106,5818
2901155,4383
2901205,5762
2901304,3491
2901353,3542
2901403,3625
2901502,2503
2901601,2896
2901700,3011
2901809,2779
2901908,4037
2901957,1775
2902005,3211
2902054,3203
2902104,13010
2902203,2429
2902252,2737
2902302,2261
2902401,3258
2902500,3668
2902609,4500
2902658,3360
2902708,16288
2902807,6778
2902906,10124
2903003,3320
2903102,1469
2903201,43478
2903235,3375
2903276,4005
2903300,1354
2903409,5662
2903508,4472
2903607,3852
2903706,3430
2903805,4650
2903904,18854
2903953,2415
2904001,3496
2904050,4686
2904100,4699
2904209,2518
2904308,3268
2904407,2222
2904506,2906
2904605,16094
2904704,3609
2904753,5733
2904803,1435
2904852,4683
2904902,7030
2905008,5044
2905107,2806
2905156,2663
2905206,12293
2905305,4890
2905404,4887
2905503,3634
2905602,6159
2905701,77870
2905800,9565
2905909,9034
2906006,19162
2906105,2785
2906204,6536
2906303,8439
2906402,1763
2906501,17722
2906600,2868
2906709,6386
2906808,9773
2906824,4539
2906857,2284
2906873,8822
2906899,2229
2906907,5638
2907004,2457
2907103,8498
2907202,20699
2907301,5938
2907400,941
2907509,11182
2907558,1939
2907608,4218
2907707,2990
2907806,6712
2907905,4762
2908002,4061
2908101,4884
2908200,5174
2908309,3335
2908408,17610
2908507,8455
2908606,6892
2908705,3817
2908804,1005
2908903,6380
2909000,1618
2909109,3355
2909208,4364
2909307,8374
2909406,3557
2909505,1085
2909604,5124
2909703,3520
2909802,13723
2909901,9974
2910008,2976
2910057,19227
2910107,2585
2910206,997
2910305,1724
2910404,5136
2910503,10048
2910602,9194
2910701,15452
2910727,30851
2910750,3976
2910776,1362
2910800,150536
2910859,4622
2910909,1229
2911006,2515
2911105,7730
2911204,8512
2911253,960
2911303,2709
2911402,4230
2911501,1459
2911600,5149
2911659,1677
2911709,20825
2911808,4875
2911857,2676
2911907,6448
2912004,2049
2912103,5065
2912202,6169
2912301,3303
2912400,4196
2912509,3118
2912608,990
2912707,7211
2912806,2316
2912905,4850
2913002,3187
2913101,4186
2913200,7256
2913309,1444
2913408,3427
2913457,3627
2913507,5467
2913606,42464
2913705,8968
2913804,3340
2913903,10013
2914000,14090
2914109,2275
2914208,1547
2914307,2585
2914406,6517
2914505,6939
2914604,19554
2914653,8426
2914703,16627
2914802,41498
2914901,8109
2915007,3847
2915106,3525
2915205,3861
2915304,1698
2915353,3611
2915403,1783
2915502,4511
2915601,15869
2915700,1815
2915809,5959
2915908,1652
2916005,3920
2916104,4613
2916203,2572
2916302,2566
2916401,16587
2916500,8697
2916609,2682
2916708,1819
2916807,4231
2916856,4338
2916906,2560
2917003,9083
2917102,4082
2917201,4163
2917300,5809
2917334,2888
2917359,2322
2917409,2801
2917508,21086
2917607,12205
2917706,7973
2917805,4431
2917904,2818
2918001,39567
2918100,9769
2918209,3286
2918308,3548
2918357,7320
2918407,68289
2918456,2533
2918506,4443
2918555,1439
2918605,1374
2918704,894
2918753,3198
2918803,5178
2918902,946
2919009,904
2919058,1772
2919108,2268
2919157,6857
2919207,47931
2919306,3007
2919405,2671
2919504,9955
2919553,32888
2919603,2821
2919702,4843
2919801,10015
2919900,2038
2919926,4347
2919959,1536
2920007,2221
2920106,4024
2920205,4502
2920304,1942
2920403,3453
2920452,3516
2920502,6700
2920601,8500
2920700,7062
2920809,2477
2920908,3547
2921005,11187
2921054,2678
2921104,5479
2921203,6236
2921302,2822
2921401,4141
2921450,2391
2921500,12185
2921609,2139
2921708,9427
2921807,2504
2921906,3241
2922003,10822
2922052,3805
2922102,4459
2922201,1522
2922250,3178
2922300,6765
2922409,4852
2922508,6498
2922607,3331
2922656,4867
2922706,3296
2922730,1716
2922755,1703
2922805,2183
2922854,1977
2922904,6307
2923001,11496
2923035,2765
2923050,2553
2923100,6014
2923209,5029
2923308,1842
2923357,5665
2923407,4730
2923506,2786
2923605,4294
2923704,8621
2923803,6229
2923902,2815
2924009,29258
2924058,3196
2924108,1540
2924207,4077
2924306,5112
2924405,11121
2924504,3423
2924603,5261
2924652,2336
2924678,2825
2924702,2103
2924801,4461
2924900,1897
2925006,5885
2925105,12384
2925204,7837
2925253,4911
2925303,48481
2925402,2762
2925501,10352
2925600,3544
2925709,2808
2925758,7897
2925808,6522
2925907,6288
2925931,2183
2925956,4992
2926004,10952
2926103,3480
2926202,6076
2926301,7655
2926400,7510
2926509,3587
2926608,13519
2926657,2538
2926707,2762
2926806,2799
2926905,2229
2927002,9518
2927101,3349
2927200,7219
2927309,3898
2927408,493892
2927507,5218
2927606,4060
2927705,8322
2927804,1200
2927903,2475
2928000,9878
2928059,3756
2928109,9952
2928208,6150
2928307,2172
2928406,7900
2928505,2460
2928604,12937
2928703,24024
2928802,14362
2928901,9933
2928950,1860
2929008,2535
2929057,4161
2929107,4511
2929206,10176
2929255,4879
2929305,10143
2929354,1392
2929370,2662
2929404,2343
2929503,9638
2929602,4220
2929701,4337
2929750,2680
2929800,2676
2929909,12172
2930006,2288
2930105,18886
2930154,10616
2930204,11650
2930303,4213
2930402,4098
2930501,20421
2930600,3263
2930709,30150
2930758,4262
2930766,3313
2930774,7335
2930808,4591
2930907,3077
2931004,4843
2931053,4318
2931103,1790
2931202,5161
2931301,4528
2931350,38258
2931400,1549
2931509,5630
2931608,4259
2931707,2564
2931806,3577
2931905,11712
2932002,6078
2932101,4584
2932200,4817
2932309,4226
2932408,3027
2932457,3899
2932507,4663
2932606,3538
2932705,5858
2932804,4420
2932903,21598
2933000,5751
2933059,3216
2933109,1821
2933158,3639
2933174,2288
2933208,9661
2933257,1473
2933307,91170
2933406,2349
2933455,3510
2933505,7100
2933604,13790
3100104,1191
3100203,4325
3100302,2942
3100401,842
3100500,1890
3100609,3118
3100708,443
3100807,934
3100906,4592
3101003,3637
3101102,5722
3101201,1090
3101300,545
3101409,666
3101508,6573
3101607,16879
3101631,1522
3101706,10200
3101805,1473
3101904,3941
3102001,3002
3102050,1418
3102100,2137
3102209,896
3102308,2983
3102407,1127
3102506,954
3102605,8332
3102704,2041
3102803,2350
3102852,2177
3102902,2198
3103009,2084
3103108,257
3103207,430
3103306,353
3103405,8029
3103504,25457
3103603,589
3103702,1843
3103751,2219
3103801,472
3103900,2192
3104007,25430
3104106,1901
3104205,8745
3104304,3044
3104403,567
3104452,1235
3104502,4568
3104601,2806
3104700,3104
3104809,1019
3104908,3637
3105004,1514
3105103,4187
3105202,942
3105301,1273
3105400,7137
3105509,1016
3105608,24712
3105707,1078
3105905,4303
3106002,2332
3106101,682
3106200,436188
3106309,5864
3106408,1782
3106507,2093
3106606,1291
3106655,1056
3106705,99817
3106804,664
3106903,2814
3107000,400
3107109,9057
3107208,1006
3107307,11948
3107406,11385
3107505,1322
3107604,980
3107703,1295
3107802,3125
3107901,2942
3108008,3319
3108107,1204
3108206,1295
3108255,2985
3108305,3346
3108404,3078
3108503,1507
3108552,4186
3108602,7703
3108701,843
3108800,878
3108909,2888
3109006,8235
3109105,2016
3109204,2084
3109253,891
3109303,6540
3109402,6422
3109451,1607
3109501,2463
3109600,723
3109709,2562
3109808,496
3109907,2387
3110004,8459
3110103,1225
3110202,874
3110301,2760
3110400,537
3110509,6021
3110608,5957
3110707,2568
3110806,632
3110905,3660
3111002,4035
3111101,3562
3111150,914
3111200,10532
3111309,2447
3111408,2316
3111507,3310
3111606,5865
3111705,982
3111804,2200
3111903,1078
3112000,2552
3112059,1029
3112109,1222
3112208,811
3112307,10249
3112406,1508
3112505,2331
3112604,3265
3112653,1081
3112703,3887
3112802,2192
3112901,2199
3113008,5376
3113107,577
3113206,5068
3113305,6641
3113404,19742
3113503,1968
3113602,1541
3113701,4105
3113800,727
3113909,2788
3114006,2041
3114105,3198
3114204,5264
3114303,5901
3114402,4420
3114501,3907
3114550,1975
3114600,896
3114709,645
3114808,815
3114907,428
3115003,550
3115102,3749
3115201,665
3115300,13132
3115359,1256
3115409,698
3115458,1986
3115474,1115
3115508,4232
3115607,198
3115706,1243
3115805,2520
3115904,683
3116001,1428
3116100,2529
3116159,3852
3116209,641
3116308,1163
3116407,1022
3116506,1592
3116605,6922
3116704,1352
3116803,1974
3116902,644
3117009,1445
3117108,2281
3117207,540
3117306,7325
3117405,933
3117504,5885
3117603,1150
3117702,2953
3117801,2436
3117836,1881
3117876,1574
3117900,2201
3118007,12407
3118106,1131
3118205,1487
3118304,27985
3118403,4778
3118502,314
3118601,133532
3118700,1923
3118809,6277
3118908,1445
3119005,758
3119104,5497
3119203,2075
3119302,6000
3119401,23471
3119500,1883
3119609,556
3119708,726
3119807,527
3119906,759
3119955,1242
3120003,637
3120102,1028
3120151,1428
3120201,2715
3120300,1469
3120409,1042
3120508,2175
3120607,1048
3120706,828
3120805,3172
3120839,952
3120870,2010
3120904,17532
3121001,1427
3121100,1652
3121209,1933
3121258,3066
3121308,972
3121407,1520
3121506,575
3121605,10731
3121704,713
3121803,1296
3121902,1007
3122009,4981
3122108,905
3122207,1604
3122306,46419
3122355,1722
3122405,1374
3122454,2251
3122470,890
3122504,991
3122603,1173
3122702,925
3122801,612
3122900,1302
3123007,2016
3123106,1156
3123205,2133
3123304,1021
3123403,309
3123502,383
3123528,1992
3123601,6006
3123700,3816
3123809,1539
3123858,1165
3123908,3017
3124005,4360
3124104,22347
3124203,5600
3124302,7577
3124401,1695
3124500,2299
3124609,439
3124708,442
3124807,1441
3124906,2151
3125002,946
3125101,12718
3125200,486
3125309,744
3125408,1195
3125507,601
3125606,1676
3125705,2783
3125804,567
3125903,1930
3125952,2532
3126000,1622
3126109,12870
3126208,2272
3126307,718
3126406,640
3126505,1386
3126604,1138
3126703,5466
3126752,1109
3126802,1490
3126901,1915
3126950,823
3127008,3502
3127057,1056
3127073,1329
3127107,13352
3127206,1033
3127305,1494
3127339,1200
3127354,639
3127370,655
3127388,808
3127404,902
3127503,1218
3127602,2486
3127701,56119
3127800,3487
3127909,260
3128006,7301
3128105,2958
3128204,1820
3128253,1172
3128303,3991
3128402,1620
3128501,682
3128600,1591
3128709,10380
3128808,1435
3128907,2047
3129004,1436
3129103,992
3129202,1252
3129301,2450
3129400,1105
3129509,5281
3129608,1650
3129657,1301
3129707,2817
3129806,42376
3129905,630
3130002,550
3130051,2686
3130101,11680
3130200,2564
3130309,1380
3130408,1515
3130507,2796
3130556,1746
3130606,1344
3130655,1481
3130705,1474
3130804,527
3130903,4616
3131000,1317
3131109,1577
3131158,3889
3131208,4252
3131307,49261
3131406,778
3131505,1839
3131604,1862
3131703,24716
3131802,2433
3131901,12238
3132008,931
3132107,4758
3132206,2868
3132305,3048
3132404,19654
3132503,8469
3132602,764
3132701,5240
3132800,431
3132909,2289
3133006,3166
3133105,3212
3133204,2449
3133303,4440
3133402,2740
3133501,3792
3133600,2902
3133709,3003
3133758,2913
3133808,19674
3133907,1177
3134004,3364
3134103,1376
3134202,22141
3134301,1382
3134400,8790
3134509,839
3134608,4238
3134707,2581
3134806,1638
3134905,5748
3135001,660
3135050,11397
3135076,1025
3135100,17655
3135209,17933
3135308,1118
3135357,1999
3135407,1260
3135456,1591
3135506,2687
3135605,1474
3135704,1197
3135803,5846
3135902,1051
3136009,3775
3136108,748
3136207,16968
3136306,11127
3136405,908
3136504,2417
3136520,979
3136553,1014
3136579,999
3136603,1368
3136652,7630
3136702,104428
3136801,847
3136900,2499
3136959,1607
3137007,3906
3137106,1260
3137205,11075
3137304,851
3137403,2973
3137502,3928
3137536,2052
3137601,16587
3137700,5189
3137809,4218
3137908,634
3138005,1123
3138104,1698
3138203,21447
3138302,696
3138351,1049
3138401,11023
3138500,844
3138609,3532
3138625,2025
3138658,2240
3138674,1763
3138682,1657
3138708,1128
3138807,3556
3138906,1462
3139003,8373
3139102,1073
3139201,4070
3139250,1172
3139300,5124
3139409,22809
3139508,4820
3139607,6022
3139706,1618
3139805,2725
3139904,3214
3140001,14256
3140100,1015
3140159,4000
3140209,721
3140308,1018
3140407,701
3140506,3062
3140530,2164
3140555,2061
3140605,916
3140704,9254
3140803,2825
3140852,2702
3140902,4953
3141009,2622
3141108,8626
3141207,755
3141306,898
3141405,4918
3141504,1131
3141603,2018
3141702,1076
3141801,6135
3141900,751
3142007,3136
3142106,1874
3142205,2966
3142254,1042
3142304,1036
3142403,1588
3142502,451
3142601,1776
3142700,3517
3142809,4499
3142908,4285
3143005,2540
3143104,10296
3143153,1201
3143203,4239
3143302,97905
3143401,5081
3143450,1703
3143500,2035
3143609,536
3143708,637
3143807,1726
3143906,22072
3144003,6574
3144102,4507
3144201,546
3144300,8179
3144359,1685
3144375,877
3144409,849
3144508,1735
3144607,5377
3144656,2385
3144672,743
3144706,3983
3144805,24766
3144904,834
3145000,3684
3145059,1690
3145109,3850
3145208,28814
3145307,7264
3145356,2590
3145372,1126
3145406,386
3145455,1462
3145505,525
3145604,7656
3145703,434
3145802,631
3145851,1149
3145877,2194
3145901,8931
3146008,6261
3146107,15442
3146206,1464
3146255,1474
3146305,4595
3146404,753
3146503,1551
3146552,1398
3146602,263
3146701,1100
3146750,1452
3146909,3302
3147006,23390
3147105,20807
3147204,4677
3147303,4187
3147402,5448
3147501,304
3147600,3140
3147709,1514
3147808,434
3147907,24427
3147956,1205
3148004,32721
3148103,20567
3148202,1136
3148301,1824
3148400,1061
3148509,1917
3148608,4006
3148707,5948
3148756,1954
3148806,602
3148905,806
3149002,638
3149101,2253
3149150,2794
3149200,735
3149309,13260
3149408,333
3149507,718
3149606,920
3149705,3179
3149804,4388
3149903,4482
3149952,1719
3150000,842
3150109,533
3150158,2122
3150208,958
3150307,882
3150406,960
3150505,1600
3150539,1182
3150570,2003
3150604,1232
3150703,1386
3150802,3696
3150901,1285
3151008,2090
3151107,2360
3151206,14132
3151305,2384
3151404,6042
3151503,7388
3151602,2799
3151701,3227
3151800,32403
3151909,1730
3152006,7534
3152105,11670
3152131,1021
3152170,2970
3152204,8513
3152303,2049
3152402,3198
3152501,32674
3152600,1273
3152709,1860
3152808,6736
3152907,1584
3153004,789
3153103,934
3153202,703
3153301,843
3153400,4000
3153509,1819
3153608,2806
3153707,623
3153806,309
3153905,3597
3154002,4827
3154101,1821
3154150,2000
3154200,2239
3154309,3933
3154408,941
3154457,1675
3154507,2309
3154606,81426
3154705,830
3154804,2250
3154903,2733
3155009,435
3155108,1079
3155207,963
3155306,994
3155405,1720
3155504,3239
3155603,7010
3155702,3081
3155801,3453
3155900,973
3156007,2942
3156106,884
3156205,514
3156304,2075
3156403,752
3156452,969
3156502,1290
3156601,2175
3156700,29278
3156809,3276
3156908,5958
3157005,8942
3157104,1593
3157203,7115
3157252,1988
3157278,760
3157302,854
3157336,1790
3157377,907
3157401,880
3157500,987
3157609,930
3157658,1869
3157708,4124
3157807,51665
3157906,4333
3158003,2465
3158102,1104
3158201,3057
3158300,1358
3158409,670
3158508,1320
3158607,822
3158706,443
3158805,792
3158904,2249
3158953,10965
3159001,1141
3159100,700
3159209,1536
3159308,942
3159357,1611
3159407,682
3159506,1387
3159605,8916
3159704,791
3159803,4679
3159902,3806
3160009,742
3160108,958
3160207,891
3160306,2570
3160405,6116
3160454,1753
3160504,383
3160603,544
3160702,8567
3160801,1217
3160900,819
3160959,1417
3161007,3458
3161056,688
3161106,14766
3161205,1183
3161304,1310
3161403,982
3161502,2217
3161601,763
3161650,719
3161700,1894
3161809,2651
3161908,2827
3162005,5639
3162104,9991
3162203,1587
3162252,1165
3162302,583
3162401,5804
3162450,4615
3162500,16671
3162559,3061
3162575,1216
3162609,1517
3162658,990
3162708,5583
3162807,3627
3162906,5394
3162922,8469
3162948,1905
3162955,6075
3163003,1029
3163102,1052
3163201,885
3163300,828
3163409,1120
3163508,1490
3163607,632
3163706,9040
3163805,1284
3163904,971
3164001,1536
3164100,1126
3164209,2664
3164308,1442
3164407,1583
3164431,671
3164472,1582
3164506,2345
3164605,2230
3164704,15622
3164803,263
3164902,461
3165008,2383
3165107,1562
3165206,1447
3165305,1461
3165404,1459
3165503,1156
3165537,9104
3165552,3202
3165560,417
3165578,1619
3165602,576
3165701,1632
3165800,338
3165909,871
3166006,1032
3166105,763
3166204,2010
3166303,1762
3166402,362
3166501,977
3166600,144
3166709,1778
3166808,3100
3166907,1701
3166956,1017
3167004,394
3167103,5079
3167202,47516
3167301,481
3167400,1220
3167509,597
3167608,5172
3167707,1140
3167806,1212
3167905,776
3168002,7862
3168051,768
3168101,1047
3168200,341
3168309,894
3168408,3330
3168507,2365
3168606,31484
3168705,17564
3168804,1605
3168903,1658
3169000,3355
3169059,596
3169109,1620
3169208,1776
3169307,17143
3169356,6699
3169406,12191
3169505,1462
3169604,5524
3169703,4678
3169802,1135
3169901,22576
3170008,3027
3170057,3112
3170107,73942
3170206,157889
3170305,644
3170404,20461
3170438,870
3170479,783
3170503,2470
3170529,5258
3170578,1257
3170602,472
3170651,1155
3170701,29604
3170750,1804
3170800,7644
3170909,5301
3171006,4432
3171030,2320
3171071,1186
3171105,765
3171154,1128
3171204,32410
3171303,15061
3171402,759
3171501,825
3171600,2588
3171709,1819
3171808,2335
3171907,1000
3172004,8783
3172103,956
3172202,466
3200102,7050
3200136,2251
3200169,2883
3200201,6156
3200300,2814
3200359,1769
3200409,7102
3200508,1569
3200607,24723
3200706,2576
3200805,7245
3200904,10433
3201001,3326
3201100,2266
3201159,3504
3201209,41110
3201308,87968
3201407,7591
3201506,25500
3201605,7268
3201704,2778
3201803,1205
3201902,7689
3202009,1529
3202108,5057
3202207,4142
3202256,2500
3202306,7013
3202405,28831
3202454,6341
3202504,2675
3202553,2571
3202603,2365
3202652,3502
3202702,2656
3202801,10214
3202900,2005
3203007,7237
3203056,8023
3203106,2569
3203130,2958
3203163,2098
3203205,42916
3203304,3026
3203320,10077
3203346,4164
3203353,2503
3203403,5131
3203502,4701
3203601,1233
3203700,4322
3203809,3021
3203908,11174
3204005,4264
3204054,5872
3204104,6267
3204203,5286
3204252,1584
3204302,3585
3204351,4610
3204401,2419
3204500,2874
3204559,9997
3204609,4617
3204658,1856
3204708,7219
3204807,2381
3204906,30766
3204955,2090
3205002,131650
3205010,7719
3205036,4547
3205069,5220
3205101,18128
3205150,2020
3205176,3184
3205200,98515
3205309,64226
3300100,40838
3300159,2311
3300209,29144
3300225,2712
3300233,9349
3300258,6739
3300308,20291
3300407,35711
3300456,117059
3300506,6178
3300605,7639
3300704,51937
3300803,12714
3300902,2831
3300936,3386
3300951,2060
3301009,114930
3301108,4352
3301157,2886
3301207,3684
3301306,11490
3301405,5052
3301504,4528
3301603,2486
3301702,194354
3301801,2367
3301850,12543
3301876,5916
3301900,51619
3302007,29406
3302056,2766
3302106,4416
3302205,20707
3302254,7004
3302270,24077
3302304,1570
3302403,61943
3302452,1287
3302502,56080
3302601,8859
3302700,42807
3302809,3467
3302858,37544
3302908,5170
3303005,6103
3303104,3190
3303203,29727
3303302,84984
3303401,37184
3303500,185097
3303609,8380
3303708,9665
3303807,11091
3303856,6910
3303906,55841
3303955,5549
3304003,6166
3304102,3981
3304110,5024
3304128,3173
3304144,35053
3304151,5592
3304201,28384
3304300,12233
3304409,3769
3304508,2108
3304524,37987
3304557,1251008
3304607,2166
3304706,8691
3304755,11058
3304805,8403
3304904,180641
3305000,8077
3305109,100123
3305133,1457
3305158,5140
3305208,24554
3305307,1679
3305406,3841
3305505,19544
3305554,19722
3305604,5232
3305703,3468
3305752,7377
3305802,35604
3305901,2211
3306008,17758
3306107,14401
3306156,2662
3306206,7460
3306305,52939
3500105,6411
3500204,946
3500303,7492
3500402,1388
3500501,3419
3500550,1634
3500600,433
3500709,8914
3500758,1454
3500808,893
3500907,797
3501004,3709
3501103,694
3501152,4185
3501202,710
3501301,6222
3501400,739
3501509,677
3501608,46982
3501707,7624
3501806,1114
3501905,13160
3502002,1086
3502101,12244
3502200,5729
3502309,1443
3502408,902
3502507,6874
3502606,756
3502705,6053
3502754,5760
3502804,40512
3502903,6714
3503000,1175
3503109,1670
3503158,515
3503208,49459
3503307,27317
3503356,477
3503406,1632
3503505,842
3503604,2480
3503703,1499
3503802,11983
3503901,20842
3503950,386
3504008,21146
3504107,35029
3504206,2712
3504305,1057
3504404,2493
3504503,21030
3504602,6282
3504701,295
3504800,1922
3504909,2171
3505005,855
3505104,1323
3505203,6831
3505302,6273
3505351,1328
3505401,1804
3505500,25793
3505609,8267
3505708,77792
3505807,4726
3505906,12207
3506003,79783
3506102,16001
3506201,611
3506300,2310
3506359,16505
3506409,1442
3506508,25150
3506607,7077
3506706,3195
3506805,2513
3506904,2344
3507001,14109
3507100,5157
3507159,990
3507209,216
3507308,1177
3507407,2799
3507456,731
3507506,31385
3507605,37106
3507704,1218
3507753,544
3507803,5650
3507902,5231
3508009,5644
3508108,3644
3508207,952
3508306,998
3508405,11779
3508504,21843
3508603,7280
3508702,3677
3508801,3782
3508900,758
3509007,22343
3509106,897
3509205,23683
3509254,7635
3509304,1830
3509403,5508
3509452,1355
3509502,230413
3509601,18366
3509700,10908
3509809,1162
3509908,2969
3509957,1305
3510005,6351
3510104,494
3510153,1699
3510203,11216
3510302,5236
3510401,11482
3510500,32656
3510609,94078
3510708,2250
3510807,5888
3510906,535
3511003,4673
3511102,23337
3511201,1510
3511300,2756
3511409,5009
3511508,9605
3511607,4434
3511706,3607
3511904,1724
3512001,4091
3512100,1660
3512209,6828
3512308,3341
3512407,5748
3512506,1201
3512605,921
3512704,983
3512803,13536
3512902,1844
3513009,69131
3513108,7192
3513207,2169
3513306,408
3513405,16480
3513504,27764
3513603,4524
3513702,6424
3513801,87574
3513850,319
3513900,2052
3514007,2143
3514106,5794
3514205,437
3514304,1521
3514403,8636
3514502,2410
3514601,2116
3514700,1410
3514809,3603
3514908,4262
3514924,671
3514957,468
3515004,63629
3515103,16651
3515129,593
3515152,4861
3515186,7562
3515194,1095
3515202,1854
3515301,637
3515350,1928
3515400,3645
3515509,14074
3515608,1149
3515657,376
3515707,45226
3515806,287
3515905,443
3516002,2402
3516101,603
3516200,78064
3516309,44365
3516408,35262
3516507,545
3516606,1284
3516705,8688
3516804,706
3516853,1176
3516903,2057
3517000,1885
3517109,917
3517208,2762
3517307,1280
3517406,8428
3517505,4887
3517604,4051
3517703,4323
3517802,1330
3517901,2294
3518008,410
3518107,1561
3518206,6510
3518305,7234
3518404,24841
3518503,2807
3518602,8869
3518701,68790
3518800,309323
3518859,1774
3518909,948
3519006,2069
3519055,3499
3519071,55700
3519105,2346
3519204,1292
3519253,1570
3519303,7869
3519402,2447
3519501,1406
3519600,13309
3519709,18287
3519808,1502
3519907,1645
3520004,5095
3520103,5672
3520202,2440
3520301,6835
3520400,8293
3520426,2825
3520442,4939
3520509,55459
3520608,1076
3520707,794
3520806,731
3520905,3268
3521002,8867
3521101,1605
3521150,1595
3521200,1085
3521309,3278
3521408,4809
3521507,1532
3521606,1155
3521705,4133
3521804,6173
3521903,3488
3522000,875
3522109,26579
3522158,842
3522208,40429
3522307,36754
3522406,21791
3522505,61603
3522604,14123
3522653,1156
3522703,8020
3522802,3356
3522901,3394
3523008,877
3523107,99473
3523206,10525
3523305,4159
3523404,25694
3523503,4616
3523602,3138
3523701,1428
3523800,1733
3523909,38350
3524006,17825
3524105,7777
3524204,1318
3524303,14232
3524402,54011
3524501,1802
3524600,4059
3524709,12979
3524808,9309
3524907,1475
3525003,28381
3525102,10588
3525201,9296
3525300,27600
3525409,1027
3525508,2865
3525607,1092
3525706,8090
3525805,980
3525854,744
3525904,90755
3526001,4128
3526100,4170
3526209,6857
3526308,952
3526407,5765
3526506,962
3526605,1883
3526704,22007
3526803,14871
3526902,60159
3527009,1487
3527108,15630
3527207,18745
3527256,388
3527306,12728
3527405,3672
3527504,499
3527603,3096
3527702,1135
3527801,976
3527900,599
3528007,3880
3528106,1432
3528205,763
3528304,598
3528403,11485
3528502,21958
3528601,2161
3528700,743
3528809,2800
3528858,691
3528908,732
3529005,50865
3529104,319
3529203,5161
3529302,15971
3529401,94435
3529500,1340
3529609,955
3529658,438
3529708,4508
3529807,2453
3529906,4769
3530003,602
3530102,4725
3530201,3527
3530300,13574
3530409,1038
3530508,13916
3530607,107162
3530706,32845
3530805,18934
3530904,984
3531001,383
3531100,13889
3531209,1631
3531308,9181
3531407,4527
3531506,3573
3531605,912
3531704,981
3531803,16266
3531902,6743
3532009,3198
3532058,894
3532108,691
3532157,655
3532207,1543
3532306,1516
3532405,4047
3532504,1870
3532603,1832
3532702,1168
3532801,1458
3532827,2306
3532843,343
3532868,249
3532900,2191
3533007,4300
3533106,456
3533205,1001
3533254,1133
3533304,596
3533403,13324
3533502,8255
3533601,1653
3533700,1025
3533809,518
3533908,12103
3534005,1157
3534104,1263
3534203,1458
3534302,7953
3534401,164759
3534500,467
3534609,5829
3534708,22838
3534757,2270
3534807,1892
3534906,1934
3535002,2457
3535101,2305
3535200,1562
3535309,3922
3535408,3709
3535507,9124
3535606,3920
3535705,1233
3535804,4788
3535903,891
3536000,2062
3536109,1763
3536208,4618
3536257,623
3536307,3595
3536406,2029
3536505,25646
3536570,482
3536604,1475
3536703,10288
3536802,1341
3536901,517
3537008,3608
3537107,8505
3537156,528
3537206,2753
3537305,13288
3537404,5091
3537503,2090
3537602,15938
3537701,1147
3537800,11532
3537909,6575
3538006,38545
3538105,2856
3538204,3106
3538303,655
3538501,2565
3538600,5144
3538709,89355
3538808,6332
3538907,4080
3539004,2165
3539103,5066
3539202,5415
3539301,15456
3539400,3440
3539509,8003
3539608,1010
3539707,736
3539806,24291
3539905,1183
3540002,4215
3540101,639
3540200,9231
3540259,992
3540309,514
3540408,859
3540507,2134
3540606,12249
3540705,11182
3540754,4578
3540804,4062
3540853,307
3540903,3845
3541000,81590
3541059,1310
3541109,832
3541208,2339
3541307,8715
3541406,46169
3541505,6693
3541604,7933
3541653,791
3541703,3093
3541802,821
3541901,2161
3542008,1628
3542107,2053
3542206,6248
3542305,981
3542404,4311
3542503,1232
3542602,14231
3542701,1608
3542800,771
3542909,2455
3543006,5023
3543105,1185
3543204,977
3543238,373
3543253,1749
3543303,23915
3543402,142287
3543501,1355
3543600,873
3543709,2025
3543808,1838
3543907,41935
3544004,7420
3544103,10784
3544202,1850
3544251,3853
3544301,2633
3544400,672
3544509,736
3544608,1076
3544707,566
3544806,1338
3544905,2423
3545001,3520
3545100,1078
3545159,1619
3545209,30406
3545308,9997
3545407,2008
3545506,932
3545605,2920
3545704,1339
3545803,37487
3546009,2918
3546108,579
3546207,787
3546256,492
3546306,6438
3546405,10442
3546504,1403
3546603,7097
3546702,5728
3546801,12206
3546900,1580
3547007,1309
3547106,681
3547205,283
3547304,39427
3547403,477
3547502,4593
3547601,4917
3547650,323
3547700,3554
3547809,147558
3547908,1521
3548005,5341
3548054,1879
3548104,1281
3548203,1514
3548302,629
3548401,920
3548500,74193
3548609,2402
3548708,169455
3548807,30754
3548906,52466
3549003,471
3549102,18286
3549201,523
3549250,406
3549300,409
3549409,10430
3549508,1929
3549607,908
3549706,10661
3549805,96786
3549904,155370
3549953,3737
3550001,1974
3550100,8104
3550209,7698
3550308,2377363
3550407,8016
3550506,1769
3550605,17659
3550704,20501
3550803,2085
3550902,2769
3551009,73798
3551108,2473
3551207,851
3551306,676
3551405,2236
3551504,10888
3551603,5784
3551702,29123
3551801,3306
3551900,3344
3552007,1435
3552106,7756
3552205,159309
3552304,1636
3552403,66027
3552502,75888
3552551,730
3552601,2236
3552700,3438
3552809,63209
3552908,1528
3553005,3169
3553104,1209
3553203,1096
3553302,4721
3553401,5272
3553500,2083
3553609,2356
3553658,536
3553708,10984
3553807,5283
3553856,1813
3553906,1529
3553955,3736
3554003,28921
3554102,67658
3554201,1027
3554300,5552
3554409,1697
3554508,7913
3554607,498
3554656,443
3554706,1933
3554755,410
3554805,10545
3554904,1410
3554953,1356
3555000,12662
3555109,2559
3555208,360
3555307,234
3555356,1344
3555406,21833
3555505,1351
3555604,2107
3555703,427
3555802,1718
3555901,297
3556008,2629
3556107,3190
3556206,24998
3556305,5270
3556354,2447
3556404,8861
3556453,12106
3556503,27153
3556602,2050
3556701,16272
3556800,3961
3556909,1984
3556958,382
3557006,29654
3557105,19328
3557154,600
3557204,2858
3557303,2586
4100103,1677
4100202,1631
4100301,2611
4100400,32885
4100459,829
4100509,4001
4100608,3430
4100707,2318
4100806,2097
4100905,1200
4101002,4720
4101051,637
4101101,4219
4101150,786
4101200,4382
4101309,1549
4101408,29667
4101507,27224
4101606,6724
4101655,746
4101705,3280
4101804,38903
4101853,492
4101903,2981
4102000,8011
4102109,5635
4102208,730
4102307,3264
4102406,6903
4102505,2282
4102604,2392
4102703,570
4102752,919
4102802,3237
4102901,4189
4103008,993
4103024,559
4103040,1608
4103057,1960
4103107,3610
4103156,942
4103206,1645
4103222,719
4103305,1544
4103354,1061
4103370,851
4103404,558
4103453,4743
4103479,971
4103503,2125
4103602,5223
4103701,23815
4103800,2189
4103909,3690
4103958,1015
4104006,12457
4104055,957
4104105,2146
4104204,32015
4104253,7327
4104303,22812
4104402,3714
4104428,4036
4104451,2878
4104501,4487
4104600,3470
4104659,6703
4104709,4048
4104808,81775
4104907,20046
4105003,2536
4105102,2374
4105201,4186
4105300,2446
4105409,5119
4105508,18099
4105607,2763
4105706,3859
4105805,58507
4105904,4582
4106001,2040
4106100,800
4106209,4746
4106308,4080
4106407,8926
4106456,1609
4106506,5467
4106555,806
4106571,999
4106605,5070
4106704,1000
4106803,3600
4106852,642
4106902,349701
4107009,3309
4107108,998
4107124,777
4107157,1181
4107207,10532
4107256,2140
4107306,1256
4107405,1362
4107504,2610
4107520,375
4107538,1059
4107546,1328
4107553,687
4107603,4136
4107652,42734
4107702,955
4107736,1598
4107751,1760
4107801,931
4107850,1011
4107900,2606
4108007,2644
4108106,629
4108205,1522
4108304,69837
4108320,2037
4108403,22292
4108452,1321
4108502,3050
4108551,634
4108601,6302
4108650,1755
4108700,1282
4108809,8255
4108908,1627
4108957,1950
4109005,1159
4109104,465
4109203,1017
4109302,3209
4109401,46146
4109500,1957
4109609,10548
4109658,1257
4109708,6861
4109757,1608
4109807,11815
4109906,2020
4110003,1276
4110052,453
4110078,3932
4110102,7782
4110201,2637
4110300,580
4110409,1015
4110508,3676
4110607,3629
4110656,495
4110706,13706
4110805,2473
4110904,1093
4110953,2945
4111001,1280
4111100,1256
4111209,2951
4111258,8810
4111308,853
4111407,3462
4111506,6896
4111555,1562
4111605,544
4111704,1244
4111803,9715
4111902,3698
4112009,9361
4112108,4408
4112207,1201
4112306,1191
4112405,1810
4112504,2598
4112603,336
4112702,2838
4112751,2245
4112801,2899
4112900,771
4112959,1746
4113007,1520
4113106,900
4113205,10341
4113254,1546
4113304,8104
4113403,784
4113429,843
4113452,1275
4113502,5521
4113601,988
4113700,117917
4113734,1706
4113759,999
4113809,1067
4113908,2994
4114005,2978
4114104,7854
4114203,8048
4114302,6921
4114351,649
4114401,4343
4114500,3736
4114609,12614
4114708,1230
4114807,9668
4114906,2090
4115002,1704
4115101,2420
4115200,81151
4115309,1490
4115358,1577
4115408,3754
4115457,1153
4115507,1036
4115606,4655
4115705,9268
4115739,760
4115754,2634
4115804,12555
4115853,1377
4115903,586
4116000,407
4116059,2384
4116109,2386
4116208,4452
4116307,856
4116406,803
4116505,315
4116604,723
4116703,3203
4116802,1575
4116901,5745
4116950,1363
4117008,1577
4117057,3606
4117107,2999
4117206,1238
4117214,969
4117222,1887
4117255,3153
4117271,1572
4117297,642
4117305,6491
4117404,652
4117453,1667
4117503,11416
4117602,13822
4117701,8091
4117800,3369
4117909,8476
4118006,3154
4118105,2264
4118204,38006
4118303,600
4118402,21258
4118451,1374
4118501,21450
4118600,1307
4118709,1348
4118808,3199
4118857,1682
4118907,2610
4119004,1285
4119103,3533
4119152,28938
4119202,1468
4119251,645
4119301,8501
4119400,6164
4119509,31670
4119608,8226
4119657,710
4119707,962
4119806,3006
4119905,88908
4119954,6870
4120002,2291
4120101,967
4120150,732
4120200,728
4120309,860
4120333,878
4120358,1316
4120408,949
4120507,1950
4120606,11758
4120655,972
4120705,1742
4120804,6014
4120853,966
4120903,8037
4121000,2745
4121109,1168
4121208,4326
4121257,1111
4121307,661
4121356,590
4121406,4294
4121505,3532
4121604,1673
4121703,6403
4121752,1943
4121802,2698
4121901,3071
4122008,3396
4122107,660
4122156,3800
4122172,1026
4122206,9783
4122305,7378
4122404,17128
4122503,2633
4122602,2078
4122651,1200
4122701,2128
4122800,900
4122909,1154
4123006,3614
4123105,810
4123204,750
4123303,1953
4123402,2433
4123501,5967
4123600,361
4123709,1968
4123808,3185
4123824,861
4123857,2524
4123907,2309
4123956,838
4124004,1262
4124020,3572
4124053,5777
4124103,10534
4124202,519
4124301,438
4124400,5892
4124509,1547
4124608,1515
4124707,2736
4124806,2675
4124905,1340
4125001,2159
4125100,3514
4125209,2066
4125308,1018
4125357,1372
4125407,1380
4125456,990
4125506,81794
4125555,446
4125605,10297
4125704,7214
4125753,1318
4125803,1924
4125902,586
4126009,1885
4126108,1196
4126207,1524
4126256,30067
4126272,1666
4126306,4624
4126355,1051
4126405,1113
4126504,3437
4126603,5217
4126652,764
4126678,2915
4126702,1113
4126801,3778
4126900,1241
4127007,2403
4127106,19409
4127205,3955
4127304,3482
4127403,4389
4127502,5413
4127601,4529
4127700,34356
4127809,1789
4127858,2746
4127882,1960
4127908,1883
4127957,1743
4127965,3662
4128005,5671
4128104,26597
4128203,13117
4128302,452
4128401,2102
4128500,4679
4128534,2497
4128559,1840
4128609,1726
4128625,771
4128633,1492
4128658,917
4128708,2623
4128807,1306
4200051,573
4200101,4677
4200200,2657
4200309,1442
4200408,1486
4200507,1383
4200556,644
4200606,1342
4200705,2401
4200754,349
4200804,1231
4200903,1076
4201000,1875
4201109,771
4201208,2645
4201257,2312
4201273,944
4201307,13465
4201406,16821
4201505,2031
4201604,647
4201653,530
4201703,1849
4201802,728
4201901,1584
4201950,3701
4202008,24788
4202057,3224
4202073,3669
4202081,715
4202099,360
4202107,11131
4202131,1440
4202156,622
4202206,2240
4202305,17691
4202404,73518
4202438,816
4202453,5795
4202503,916
4202537,694
4202578,477
4202602,2139
4202701,1141
4202800,7804
4202859,948
4202875,527
4202909,32056
4203006,18415
4203105,1375
4203154,1083
4203204,25561
4203253,585
4203303,2934
4203402,1679
4203501,2507
4203600,8582
4203709,3105
4203808,13107
4203907,5299
4203956,5697
4204004,2636
4204103,1038
4204152,605
4204178,757
4204194,705
4204202,60191
4204251,3523
4204301,18055
4204350,1100
4204400,2176
4204459,408
4204509,3465
4204558,3916
4204608,46870
4204707,2261
4204756,406
4204806,10135
4204905,1625
4205001,3780
4205100,1039
4205159,726
4205175,976
4205191,524
4205209,1014
4205308,2675
4205357,380
4205407,99544
4205431,578
4205456,8074
4205506,8368
4205555,534
4205605,745
4205704,6624
4205803,5106
4205902,16629
4206009,3447
4206108,1440
4206207,2730
4206306,5822
4206405,2093
4206504,11794
4206603,965
4206652,2270
4206702,4659
4206751,451
4206801,659
4206900,4582
4207007,13953
4207106,4424
4207205,2488
4207304,11436
4207403,1412
4207502,16744
4207577,536
4207601,926
4207650,1959
4207684,2339
4207700,1707
4207759,824
4207809,2408
4207858,448
4207908,2574
4208005,1496
4208104,5604
4208203,63282
4208302,17268
4208401,3744
4208450,7261
4208500,6334
4208609,937
4208708,2278
4208807,4477
4208906,41565
4208955,400
4209003,6089
4209102,138748
4209151,1777
4209177,561
4209201,419
4209300,38055
4209409,8461
4209458,374
4209508,1746
4209607,3286
4209706,3292
4209805,734
4209854,941
4209904,3198
4210001,2860
4210035,1093
4210050,419
4210100,12454
4210209,781
4210308,1742
4210407,1955
4210506,6345
4210555,413
4210605,3707
4210704,734
4210803,1432
4210852,569
4210902,885
4211009,2208
4211058,2444
4211108,1976
4211207,4553
4211256,664
4211306,21872
4211405,1127
4211454,988
4211504,2855
4211603,2810
4211652,568
4211702,5082
4211751,4357
4211801,1381
4211850,503
4211876,445
4211892,485
4211900,52746
4212007,1935
4212056,595
4212106,3193
4212205,4635
4212239,943
4212254,3112
4212270,1083
4212304,2109
4212403,806
4212502,7788
4212601,586
4212650,2199
4212700,1515
4212809,6528
4212908,5001
4213005,827
4213104,1278
4213153,635
4213203,7197
4213302,1073
4213351,909
4213401,2772
4213500,6354
4213609,7435
4213708,4290
4213807,1864
4213906,332
4214003,4578
4214102,505
4214151,670
4214201,2368
4214300,670
4214409,1531
4214508,1531
4214607,1694
4214706,2259
4214805,15636
4214904,1021
4215000,9364
4215059,560
4215075,1005
4215109,2591
4215208,939
4215307,1728
4215356,860
4215406,998
4215455,3599
4215505,4257
4215554,485
4215604,393
4215653,2342
4215679,1814
4215687,563
4215695,361
4215703,5927
4215752,638
4215802,19283
4215901,509
4216008,2183
4216057,1189
4216107,1953
4216206,12153
4216255,1188
4216305,8202
4216354,1177
4216404,2031
4216503,6281
4216602,55435
4216701,2936
4216800,1814
4216909,5639
4217006,3312
4217105,715
4217154,364
4217204,9288
4217253,927
4217303,2343
4217402,5069
4217501,4137
4217550,676
4217600,2884
4217709,7596
4217758,614
4217808,4187
4217907,1764
4217956,551
4218004,12737
4218103,1156
4218202,9476
4218251,2141
4218301,5513
4218350,763
4218400,1680
4218509,2156
4218608,1619
4218707,22541
4218756,1048
4218806,2807
4218855,587
4218905,2616
4218954,597
4219002,3983
4219101,851
4219150,604
4219176,1138
4219200,1414
4219309,12668
4219358,1354
4219408,1019
4219507,11982
4219606,669
4219705,7406
4219853,1025
4220000,3815
4300034,964
4300059,918
4300109,3059
4300208,1269
4300307,1027
4300406,15034
4300455,675
4300471,385
4300505,1351
4300554,312
4300570,522
4300604,46854
4300638,1184
4300646,1730
4300661,223
4300703,1011
4300802,2283
4300851,756
4300877,2126
4300901,1081
4301008,4402
4301057,2308
4301073,457
4301107,3270
4301206,2422
4301305,3635
4301404,2056
4301503,1301
4301552,568
4301602,26530
4301636,3213
4301651,1243
4301701,1355
4301750,1211
4301800,976
4301859,799
4301875,1207
4301909,2628
4301925,256
4301958,497
4302006,2068
4302055,528
4302105,24490
4302154,417
4302204,1329
4302220,406
4302238,503
4302253,433
4302303,2830
4302352,2729
4302378,438
4302402,2726
4302451,1345
4302501,1199
4302584,399
4302600,742
4302659,898
4302709,4384
4302808,6522
4302907,2405
4303004,16595
4303103,30890
4303202,975
4303301,897
4303400,902
4303509,13408
4303558,620
4303608,1489
4303673,590
4303707,990
4303806,963
4303905,13424
4304002,1108
4304101,744
4304200,5798
4304309,1125
4304358,2744
4304408,11695
4304507,9674
4304606,76555
4304614,249
4304622,368
4304630,15835
4304655,668
4304663,6661
4304671,899
4304689,2649
4304697,650
4304705,13793
4304713,1424
4304804,5915
4304853,232
4304903,1720
4304952,652
4305009,1664
4305108,96186
4305116,474
4305124,1103
4305132,594
4305157,518
4305173,2139
4305207,2630
4305306,1806
4305355,6956
4305371,578
4305405,852
4305439,1487
4305447,1029
4305454,3756
4305504,768
4305587,436
4305603,559
4305702,1401
4305801,2221
4305835,171
4305850,391
4305871,530
4305900,1436
4305934,229
4305959,563
4305975,594
4306007,2394
4306056,1660
4306072,572
4306106,13425
4306130,266
4306205,2207
4306304,803
4306320,572
4306353,422
4306379,557
4306403,6242
4306429,514
4306452,530
4306502,2830
4306551,474
4306601,7749
4306700,595
4306734,744
4306759,295
4306767,10194
4306809,4547
4306908,5111
4306924,339
4306932,1870
4306957,542
4306973,733
4307005,21661
4307054,608
4307104,1362
4307203,995
4307302,1508
4307401,699
4307450,654
4307500,3123
4307559,1048
4307609,10600
4307708,16432
4307807,6936
4307815,646
4307831,483
4307864,429
4307906,14274
4308003,1239
4308052,494
4308078,1054
4308102,2564
4308201,6094
4308250,221
4308300,2061
4308409,1223
4308433,360
4308458,950
4308508,6905
4308607,6316
4308656,550
4308706,942
4308805,1560
4308854,396
4308904,3201
4309001,3330
4309050,1670
4309100,8603
4309126,411
4309159,789
4309209,59394
4309258,208
4309308,20580
4309407,5138
4309506,1319
4309555,1065
4309571,609
4309605,3832
4309654,1502
4309704,866
4309753,715
4309803,755
4309902,1317
4309951,770
4310009,4447
4310108,7486
4310207,17836
4310306,766
4310330,5916
4310363,530
4310405,1311
4310413,418
4310439,955
4310462,288
4310504,1645
4310538,1154
4310553,627
4310579,378
4310603,8794
4310652,547
4310702,572
4310751,298
4310801,4740
4310850,756
4310876,442
4310900,581
4311007,5508
4311106,1729
4311122,889
4311130,678
4311155,1515
4311205,4010
4311239,441
4311254,1212
4311270,349
4311304,6172
4311403,20114
4311429,677
4311502,1499
4311601,961
4311627,1533
4311643,277
4311700,1230
4311718,1017
4311734,701
4311759,1366
4311775,1524
4311791,406
4311809,9795
4311908,757
4311981,751
4312005,306
4312054,688
4312104,867
4312138,582
4312153,993
4312179,348
4312203,772
4312252,1749
4312302,960
4312351,230
4312377,725
4312385,373
4312401,14284
4312427,572
4312443,553
4312450,1133
4312476,1068
4312500,2759
4312609,848
4312617,693
4312625,366
4312658,3809
4312674,401
4312708,3309
4312757,632
4312807,922
4312906,1766
4312955,329
4313003,475
4313011,583
4313037,934
4313060,4893
4313086,371
4313102,959
4313201,4660
4313300,5146
4313334,395
4313359,567
4313375,7551
4313391,676
4313409,47523
4313425,537
4313441,431
4313466,309
4313490,905
4313508,10387
4313607,596
4313656,2668
4313706,7683
4313805,1715
4313904,9833
4313953,2357
4314001,1373
4314027,1197
4314035,889
4314050,12652
4314068,803
4314076,1191
4314100,45617
4314134,358
4314159,1713
4314175,426
4314209,1581
4314308,751
4314407,67146
4314423,992
4314456,672
4314464,448
4314472,695
4314498,1057
4314506,2170
4314548,473
4314555,374
4314605,3377
4314704,2280
4314753,404
4314779,690
4314787,275
4314803,7819
4314902,257661
4315008,679
4315057,361
4315073,258
4315107,2110
4315131,325
4315149,628
4315156,959
4315172,352
4315206,627
4315305,5660
4315313,331
4315321,482
4315354,798
4315404,3033
4315453,263
4315503,2913
4315552,557
4315602,42351
4315701,7242
4315750,927
4315800,2096
4315909,1501
4315958,417
4316006,4556
4316105,2039
4316204,850
4316303,1247
4316402,7766
4316428,524
4316436,462
4316451,2284
4316477,483
4316501,1333
4316600,3023
4316709,1678
4316733,347
4316758,1422
4316808,26434
4316907,54873
4316956,1064
4316972,530
4317004,1318
4317103,19546
4317202,16415
4317251,198
4317301,6802
4317400,9516
4317509,16669
4317558,422
4317608,8912
4317707,2211
4317756,448
4317806,2957
4317905,2851
4317954,440
4318002,12660
4318051,467
4318101,3356
4318200,5095
4318309,13009
4318408,4574
4318424,725
4318432,469
4318440,498
4318457,481
4318465,382
4318481,831
4318499,422
4318507,5266
4318606,1225
4318614,465
4318622,1137
4318705,49591
4318804,7936
4318903,7673
4319000,3897
4319109,1023
4319125,550
4319158,1508
4319208,1147
4319307,1013
4319356,719
4319364,386
4319372,577
4319406,2997
4319505,5406
4319604,4184
4319703,568
4319711,374
4319737,675
4319752,438
4319802,1673
4319901,17590
4320008,30117
4320107,5064
4320206,2673
4320230,555
4320263,1267
4320305,980
4320321,504
4320354,1023
4320404,3496
4320453,312
4320503,988
4320552,1079
4320578,311
4320602,592
4320651,348
4320677,1571
4320701,2985
4320800,6664
4320859,1047
4320909,5411
4321006,2265
4321105,3070
4321204,11778
4321303,5560
4321329,642
4321352,1028
4321402,3556
4321436,2402
4321451,7095
4321469,738
4321477,1010
4321493,425
4321501,8761
4321600,12927
4321626,318
4321634,343
4321667,2323
4321709,5496
4321808,4995
4321832,578
4321857,1172
4321907,5172
4321956,1799
4322004,6503
4322103,931
4322152,803
4322186,241
4322202,4628
4322251,1108
4322301,1397
4322327,695
4322343,325
4322350,170
4322376,380
4322400,29332
4322509,15630
4322525,622
4322533,1750
4322541,1286
4322558,350
4322608,13410
4322707,5463
4322806,4186
4322855,289
4322905,772
4323002,52819
4323101,1092
4323200,551
4323309,684
4323358,373
4323408,801
4323457,757
4323507,513
4323606,285
4323705,536
4323754,591
4323770,621
4323804,4051
5000203,5157
5000252,1185
5000609,11926
5000708,6476
5000807,1804
5000856,2840
5000906,2888
5001003,7051
5001102,12913
5001243,3675
5001508,2083
5001904,6036
5002001,2749
5002100,5968
5002159,2360
5002209,6525
5002308,2963
5002407,8871
5002605,3266
5002704,221316
5002803,1400
5002902,4760
5002951,8664
5003108,1176
5003157,5170
5003207,27402
5003256,7376
5003306,8013
5003454,3399
5003488,3082
5003504,1486
5003702,62927
5003751,3034
5003801,4559
5003900,940
5004007,2295
5004106,2578
5004304,3710
5004403,2086
5004502,6983
5004601,5323
5004700,6831
5004809,3126
5004908,1744
5005004,6442
5005103,932
5005152,2004
5005202,6774
5005251,2090
5005400,11905
5005608,7895
5005681,4947
5005707,13230
5005806,3638
5006002,6602
5006200,12680
5006259,1250
5006275,1574
5006309,9283
5006358,5170
5006408,1696
5006606,26275
5006903,4094
5007109,6677
5007208,10957
5007307,1222
5007406,5258
5007505,1354
5007554,1881
5007695,8194
5007703,2837
5007802,1997
5007901,13112
5007935,4017
5007950,3764
5007976,879
5008008,4446
5008305,34088
5008404,1408
5100102,1250
5100201,7738
5100250,14925
5100300,4330
5100359,1887
5100409,3383
5100508,2028
5100607,3143
5100805,2591
5101001,933
5101209,238
5101258,3781
5101308,2804
5101407,7574
5101605,1875
5101704,8083
5101803,17298
5101852,2130
5101902,5170
5102504,24266
5102603,6411
5102637,13755
5102678,12640
5102686,2770
5102694,1315
5102702,7657
5102793,2583
5102850,1867
5103007,4914
5103056,2535
5103106,1564
5103205,7754
5103254,7728
5103304,5475
5103353,10290
5103361,1113
5103379,3155
5103403,161624
5103437,1201
5103452,1948
5103502,6221
5103601,1948
5103700,3584
5103809,747
5103858,2985
5103908,2024
5103957,666
5104104,8522
5104203,2320
5104500,545
5104526,2328
5104542,2218
5104559,1442
5104609,3543
5104807,7516
5104906,1999
5105002,2129
5105101,9671
5105150,12280
5105176,2960
5105200,2820
5105234,1324
5105259,24089
5105309,724
5105507,5281
5105580,3414
5105606,5722
5105622,6778
5105903,4372
5106000,1499
5106109,3197
5106158,3621
5106174,1644
5106182,1979
5106190,1204
5106208,953
5106216,3061
5106224,16546
5106232,4635
5106240,3691
5106257,5648
5106265,1897
5106273,739
5106281,1870
5106299,3010
5106307,7656
5106315,544
5106372,4731
5106422,9632
5106455,937
5106505,8415
5106653,1687
5106703,449
5106752,14221
5106778,3643
5106802,1456
5106828,2868
5106851,839
5107008,6461
5107040,23798
5107065,8167
5107107,4142
5107156,572
5107180,2930
5107198,657
5107206,1125
5107248,1633
5107263,664
5107297,591
5107305,4124
5107354,2000
5107404,1207
5107578,1185
5107602,64865
5107701,3854
5107743,808
5107750,883
5107768,1064
5107776,2541
5107792,1418
5107800,4108
5107859,3685
5107875,8560
5107883,495
5107909,53032
5107925,32225
5107941,2926
5107958,27901
5108006,4174
5108055,2723
5108105,755
5108204,840
5108303,1183
5108352,726
5108402,82504
5108501,3796
5108600,5736
5108808,1136
5108857,1032
5108907,1744
5108956,2220
5200050,5708
5200100,4313
5200134,5296
5200159,463
5200175,1269
5200209,384
5200258,69034
5200308,7104
5200506,377
5200555,1640
5200605,2822
5200803,2323
5200829,712
5200852,1045
5200902,537
5201108,96733
5201207,184
5201306,3894
5201405,133230
5201454,698
5201504,1171
5201603,740
5201702,4298
5201801,2826
5202155,1613
5202353,592
5202502,2140
5202601,585
5202809,582
5203104,765
5203203,2750
5203302,7946
5203401,1580
5203500,6000
5203559,2518
5203575,837
5203609,890
5203807,1358
5203906,2311
5203939,553
5203962,814
5204003,1979
5204102,2780
5204201,285
5204250,1661
5204300,3141
5204409,3544
5204508,24854
5204557,1073
5204607,898
5204656,878
5204706,3132
5204805,1934
5204854,2333
5204904,4960
5204953,944
5205000,2091
5205059,664
5205109,26491
5205208,1200
5205307,2903
5205406,4605
5205455,1789
5205471,3859
5205497,26818
5205513,6461
5205521,1101
5205703,448
5205802,2544
5205901,2106
5206206,17958
5206305,744
5206404,4070
5206503,843
5206602,615
5206701,930
5206800,500
5206909,417
5207105,418
5207253,1537
5207352,867
5207402,2711
5207501,738
5207535,1469
5207600,1145
5207808,2168
5207907,3653
5208004,30234
5208103,1035
5208152,815
5208301,1096
5208400,3516
5208509,984
5208608,17828
5208707,313406
5208806,20538
5208905,4788
5209101,7898
5209150,1102
5209200,5107
5209291,400
5209408,1034
5209457,433
5209606,681
5209705,7112
5209804,716
5209903,3023
5209937,1426
5209952,3986
5210000,11437
5210109,5740
5210158,576
5210208,7615
5210307,444
5210406,10846
5210562,1029
5210604,880
5210802,987
5210901,5164
5211008,1698
5211206,5238
5211305,1484
5211404,1512
5211503,25041
5211602,543
5211701,1278
5211800,10877
5211909,25972
5212006,576
5212055,507
5212105,1589
5212204,4337
5212253,360
5212303,2061
5212501,59296
5212600,498
5212709,2378
5212808,2428
5212907,696
5212956,860
5213004,2703
5213053,641
5213087,6411
5213103,18446
5213400,314
5213509,2073
5213707,1929
5213756,3270
5213772,870
5213806,11600
5213855,532
5213905,932
5214002,3861
5214051,1404
5214101,777
5214408,1922
5214507,8290
5214606,7862
5214705,519
5214804,448
5214838,3200
5214861,1685
5214879,745
5214903,778
5215009,2125
5215207,683
5215231,30333
5215256,854
5215306,3460
5215405,896
5215504,1617
5215603,9819
5215652,689
5215702,7828
5215801,445
5215900,812
5216007,527
5216304,1579
5216403,2445
5216452,756
5216809,1885
5216908,497
5217104,5044
5217203,2455
5217302,6070
5217401,6920
5217609,30320
5217708,3741
5218003,10784
5218052,1112
5218102,766
5218300,9783
5218391,778
5218508,11448
5218607,2689
5218706,813
5218789,975
5218805,57088
5218904,4279
5219001,1633
5219100,1497
5219209,601
5219258,1221
5219308,8566
5219357,716
5219407,1479
5219456,590
5219506,534
5219605,719
5219704,2383
5219712,1044
5219738,1881
5219753,21508
5219803,2578
5219902,1501
5220009,3924
5220058,371
5220108,7238
5220157,1235
5220207,5006
5220264,1025
5220280,446
5220405,3844
5220454,44458
5220504,2029
5220603,5244
5220686,1520
5220702,761
5221007,796
5221080,881
5221197,1987
5221304,605
5221403,37312
5221452,681
5221502,913
5221551,1369
5221577,626
5221601,10249
5221700,2858
5221809,772
5221858,54811
5221908,765
5222005,3668
5222054,2218
5222203,1258
5222302,1474
5300108,656575
